id,bill_id,title,ministry,status,url,introduction_date,date_scraped,last_updated,has_content,has_summary,content_length,num_sections,num_paragraphs,has_pdf,summary_length,summary_type
1,the-government-of-union-territories-amendment-bill-2025,"The Government of Union Territories (Amendment) Bill, 2025",Home Affairs,In Committee,https://prsindia.org/billtrack/the-government-of-union-territories-amendment-bill-2025,2025-08-20T00:00:00,2025-11-11T14:39:52.948600,2025-11-20T00:35:57.554064,True,False,2359,0,0,True,0,
2,the-jammu-and-kashmir-reorganisation-amendment-bill-2025,"The Jammu and Kashmir Reorganisation (Amendment) Bill, 2025",Home Affairs,In Committee,https://prsindia.org/billtrack/the-jammu-and-kashmir-reorganisation-amendment-bill-2025,2025-08-20T00:00:00,2025-11-11T14:39:52.953938,2025-11-20T00:35:58.712244,True,False,2357,0,0,True,0,
3,the-constitution-one-hundred-and-thirtieth-amendment-bill-2025,"The Constitution (One Hundred and Thirtieth Amendment) Bill, 2025",Home Affairs,In Committee,https://prsindia.org/billtrack/the-constitution-one-hundred-and-thirtieth-amendment-bill-2025,2025-08-20T00:00:00,2025-11-11T14:39:52.955643,2025-11-20T00:35:59.835028,True,False,2374,0,0,True,0,
4,the-promotion-and-regulation-of-online-gaming-bill-2025,"The Promotion and Regulation of Online Gaming Bill, 2025",Electronics and Information Technology,Passed,https://prsindia.org/billtrack/the-promotion-and-regulation-of-online-gaming-bill-2025,2025-08-20T00:00:00,2025-11-11T14:39:52.956859,2025-11-20T00:36:00.955434,True,True,4698,0,3,True,1243,api_llm
5,the-jan-vishwas-amendment-of-provisions-bill-2025,"The Jan Vishwas (Amendment of Provisions) Bill, 2025",Commerce and Industry,In Committee,https://prsindia.org/billtrack/the-jan-vishwas-amendment-of-provisions-bill-2025,2025-08-18T00:00:00,2025-11-11T14:39:52.957952,2025-11-20T00:36:02.184498,True,False,4696,0,0,True,0,
6,the-indian-institutes-of-management-amendment-bill-2025,"The Indian Institutes of Management (Amendment) Bill, 2025",Education,Passed,https://prsindia.org/billtrack/the-indian-institutes-of-management-amendment-bill-2025,2025-08-18T00:00:00,2025-11-11T14:39:52.959042,2025-11-20T00:36:03.354004,True,False,1186,0,0,True,0,
7,the-insolvency-and-bankruptcy-code-amendment-bill-2025,"The Insolvency and Bankruptcy Code (Amendment) Bill, 2025",Finance,In Committee,https://prsindia.org/billtrack/the-insolvency-and-bankruptcy-code-amendment-bill-2025,2025-08-12T00:00:00,2025-11-11T14:39:52.960104,2025-11-20T00:36:05.282559,True,False,27572,0,0,True,0,
8,the-income-tax-no2-bill-2025,"The Income-Tax (No.2) Bill, 2025",Finance,Passed,https://prsindia.org/billtrack/the-income-tax-no2-bill-2025,2025-08-11T00:00:00,2025-11-11T14:39:52.961139,2025-11-20T00:36:06.513252,True,True,4230,0,6,True,1149,api_llm
9,the-taxation-laws-amendment-bill-2025,"The Taxation Laws (Amendment) Bill, 2025",Finance,Passed,https://prsindia.org/billtrack/the-taxation-laws-amendment-bill-2025,2025-08-11T00:00:00,2025-11-11T14:39:52.962195,2025-11-20T00:36:08.009525,True,False,3834,0,0,True,0,
10,the-mines-and-minerals-development-and-regulation-amendment-bill-2025,"The Mines and Minerals (Development and Regulation) Amendment Bill, 2025",Mines,Passed,https://prsindia.org/billtrack/the-mines-and-minerals-development-and-regulation-amendment-bill-2025,2025-08-11T00:00:00,2025-11-11T14:39:52.963742,2025-11-20T00:36:09.129650,True,False,4160,0,0,True,0,
11,the-manipur-goods-and-services-tax-amendment-bill-2025,"The Manipur Goods and Services Tax (Amendment) Bill, 2025",Finance,Passed,https://prsindia.org/billtrack/the-manipur-goods-and-services-tax-amendment-bill-2025,2025-08-07T00:00:00,2025-11-11T14:39:52.965160,2025-11-20T00:36:10.274472,True,False,3541,0,0,True,0,
12,the-national-anti-doping-amendment-bill-2025,"The National Anti-Doping (Amendment) Bill, 2025",Youth Affairs and Sports,Passed,https://prsindia.org/billtrack/the-national-anti-doping-amendment-bill-2025,2025-07-23T00:00:00,2025-11-11T14:39:52.966345,2025-11-20T00:36:11.530280,True,False,4829,0,8,True,0,
13,the-national-sports-governance-bill-2025,"The National Sports Governance Bill, 2025",Youth Affairs and Sports,Passed,https://prsindia.org/billtrack/the-national-sports-governance-bill-2025,2025-07-23T00:00:00,2025-11-11T14:39:52.967626,2025-11-20T00:36:12.715708,True,False,5411,0,0,True,0,
14,the-indian-ports-bill-2025,"The Indian Ports Bill, 2025",Shipping,Passed,https://prsindia.org/billtrack/the-indian-ports-bill-2025,2025-03-28T00:00:00,2025-11-11T14:39:52.969529,2025-11-20T00:36:14.284212,True,False,14265,0,0,True,0,
15,the-immigration-and-foreigners-bill-2025,"The Immigration and Foreigners Bill, 2025",Home Affairs,Passed,https://prsindia.org/billtrack/the-immigration-and-foreigners-bill-2025,2025-03-11T00:00:00,2025-11-11T14:39:52.971230,2025-11-20T00:36:15.462646,True,False,4418,0,0,True,0,
16,the-income-tax-bill-2025,"The Income-tax Bill, 2025",Finance,Withdrawn,https://prsindia.org/billtrack/the-income-tax-bill-2025,2025-02-13T00:00:00,2025-11-11T14:39:52.972424,2025-11-20T00:36:16.585645,True,False,4098,0,0,True,0,
17,the-protection-of-interests-in-aircraft-objects-bill-2025,"The Protection of Interests in Aircraft Objects Bill, 2025",Civil Aviation,Passed,https://prsindia.org/billtrack/the-protection-of-interests-in-aircraft-objects-bill-2025,2025-02-10T00:00:00,2025-11-11T14:39:52.973714,2025-11-20T00:36:17.791533,True,False,3563,0,0,True,0,
18,the-tribhuvan-sahkari-university-bill-2025,"The ""Tribhuvan"" Sahkari University Bill, 2025",Home Affairs,Passed,https://prsindia.org/billtrack/the-tribhuvan-sahkari-university-bill-2025,2025-02-03T00:00:00,2025-11-11T14:39:52.974815,2025-11-20T00:36:19.216176,True,False,3547,0,0,True,0,
19,the-constitution-one-hundred-and-twenty-ninth-amendment-bill-2024,"The Constitution (One Hundred and Twenty-Ninth Amendment) Bill, 2024",Law and Justice,In Committee,https://prsindia.org/billtrack/the-constitution-one-hundred-and-twenty-ninth-amendment-bill-2024,2024-12-17T00:00:00,2025-11-11T14:39:52.975857,2025-11-20T00:36:20.874404,True,False,27324,0,0,True,0,
20,the-union-territories-laws-amendment-bill-2024,"The Union Territories Laws (Amendment) Bill, 2024",Law and Justice,In Committee,https://prsindia.org/billtrack/the-union-territories-laws-amendment-bill-2024,2024-12-17T00:00:00,2025-11-11T14:39:52.976918,2025-11-20T00:36:22.822978,True,False,27324,0,0,True,0,
21,the-merchant-shipping-bill-2024,"The Merchant Shipping Bill, 2024",Shipping,Passed,https://prsindia.org/billtrack/the-merchant-shipping-bill-2024,2024-12-10T00:00:00,2025-11-11T14:39:52.979135,2025-11-20T00:36:24.642605,True,False,5338,0,0,True,0,
22,the-coastal-shipping-bill-2024,"The Coastal Shipping Bill, 2024",Shipping,Passed,https://prsindia.org/billtrack/the-coastal-shipping-bill-2024,2024-12-02T00:00:00,2025-11-11T14:39:52.980470,2025-11-20T00:36:26.159294,True,False,4847,0,0,True,0,
23,2024-draft-telecom-rules-on-interception-temporary-suspension-of-services-and-cyber-security,"Draft Telecom Rules on Interception, Temporary Suspension of Services, and Cyber Security 2024",Communications,Draft,https://prsindia.org/billtrack/2024-draft-telecom-rules-on-interception-temporary-suspension-of-services-and-cyber-security,,2025-11-11T14:39:52.981803,2025-11-20T00:36:27.908182,True,False,27204,0,0,True,0,
24,the-banking-laws-amendment-bill-2024,"The Banking Laws (Amendment) Bill, 2024",Finance,Passed,https://prsindia.org/billtrack/the-banking-laws-amendment-bill-2024,2024-08-09T00:00:00,2025-11-11T14:39:52.983092,2025-11-20T00:36:29.737954,True,False,4624,0,0,True,0,
25,the-bills-of-lading-bill-2024,"The Bills of Lading Bill, 2024",Shipping,Passed,https://prsindia.org/billtrack/the-bills-of-lading-bill-2024,2024-08-09T00:00:00,2025-11-11T14:39:52.984263,2025-11-20T00:36:31.001334,True,False,1497,0,0,True,0,
26,the-carriage-of-goods-by-sea-bill-2024,"The Carriage of Goods by Sea Bill, 2024",Shipping,Passed,https://prsindia.org/billtrack/the-carriage-of-goods-by-sea-bill-2024,2024-08-09T00:00:00,2025-11-11T14:39:52.985834,2025-11-20T00:36:32.589998,True,False,1712,0,0,True,0,
27,the-railways-amendment-bill-2024,"The Railways (Amendment) Bill, 2024",Railways,Passed,https://prsindia.org/billtrack/the-railways-amendment-bill-2024,2024-08-09T00:00:00,2025-11-11T14:39:52.987614,2025-11-20T00:36:34.258271,True,False,17157,0,0,True,0,
28,the-boilers-bill-2024,"The Boilers Bill, 2024",Commerce and Industry,Passed,https://prsindia.org/billtrack/the-boilers-bill-2024,2024-08-08T00:00:00,2025-11-11T14:39:52.988914,2025-11-20T00:36:35.494245,True,False,17713,0,0,True,0,
29,the-mussalman-wakf-repeal-bill-2024,"The Mussalman Wakf (Repeal) Bill, 2024",Minority Affairs,Passed,https://prsindia.org/billtrack/the-mussalman-wakf-repeal-bill-2024,2024-08-08T00:00:00,2025-11-11T14:39:52.989978,2025-11-20T00:36:37.010425,True,False,1059,0,0,True,0,
30,the-waqf-amendment-bill-2024,"The Waqf (Amendment) Bill, 2024",Minority Affairs,Passed,https://prsindia.org/billtrack/the-waqf-amendment-bill-2024,2024-08-08T00:00:00,2025-11-11T14:39:52.991031,2025-11-20T00:36:39.107291,True,False,22922,0,0,True,0,
31,the-oilfields-regulation-and-development-amendment-bill-2024,"The Oilfields (Regulation and Development) Amendment Bill, 2024",Petroleum and Natural Gas,Passed,https://prsindia.org/billtrack/the-oilfields-regulation-and-development-amendment-bill-2024,2024-08-05T00:00:00,2025-11-11T14:39:52.992050,2025-11-20T00:36:40.411897,True,False,3621,0,0,True,0,
32,the-readjustment-of-representation-of-scheduled-tribes-in-assembly-constituencies-of-the-state-of-goa-bill-2024,"The Readjustment of Representation of Scheduled Tribes in Assembly Constituencies of the State of Goa Bill, 2024",Law and Justice,Passed,https://prsindia.org/billtrack/the-readjustment-of-representation-of-scheduled-tribes-in-assembly-constituencies-of-the-state-of-goa-bill-2024,2024-08-05T00:00:00,2025-11-11T14:39:52.993110,2025-11-20T00:36:41.632393,True,False,2010,0,0,True,0,
33,the-disaster-management-amendment-bill-2024,"The Disaster Management (Amendment) Bill, 2024",Home Affairs,Passed,https://prsindia.org/billtrack/the-disaster-management-amendment-bill-2024,2024-08-01T00:00:00,2025-11-11T14:39:52.994172,2025-11-20T00:36:42.910633,True,False,4567,0,0,True,0,
34,the-bharatiya-vayuyan-vidheyak-2024,"The Bharatiya Vayuyan Vidheyak, 2024",Civil Aviation,Passed,https://prsindia.org/billtrack/the-bharatiya-vayuyan-vidheyak-2024,2024-07-31T00:00:00,2025-11-11T14:39:52.995201,2025-11-20T00:36:44.071088,True,False,14989,0,0,True,0,
35,draft-broadcasting-services-regulation-bill-2023,"Draft Broadcasting Services (Regulation) Bill, 2023",Information and Broadcasting,Draft,https://prsindia.org/billtrack/draft-broadcasting-services-regulation-bill-2023,,2025-11-11T14:39:52.996188,2025-11-20T00:36:45.589480,True,False,23899,0,0,True,0,
36,the-constitution-scheduled-tribes-order-amendment-bill-2024,"The Constitution (Scheduled Tribes) Order (Amendment) Bill, 2024",Tribal Affairs,Passed,https://prsindia.org/billtrack/the-constitution-scheduled-tribes-order-amendment-bill-2024,2024-02-05T00:00:00,2025-11-11T14:39:52.997281,2025-11-20T00:36:46.774275,True,False,1126,0,0,True,0,
37,the-water-prevention-and-control-of-pollution-bill-2024,"The Water (Prevention and Control of Pollution) Amendment Bill, 2024","Environment, Forests and Climate Change",Passed,https://prsindia.org/billtrack/the-water-prevention-and-control-of-pollution-bill-2024,2024-02-05T00:00:00,2025-11-11T14:39:52.998276,2025-11-20T00:36:48.319317,True,False,4759,0,0,True,0,
38,the-constitution-scheduled-castes-and-scheduled-tribes-orders-amendment-bill-2024,"The Constitution (Scheduled Castes and Scheduled Tribes) Orders (Amendment) Bill, 2024",Tribal Affairs,Passed,https://prsindia.org/billtrack/the-constitution-scheduled-castes-and-scheduled-tribes-orders-amendment-bill-2024,2024-02-05T00:00:00,2025-11-11T14:39:52.999277,2025-11-20T00:36:49.476882,True,False,1621,0,0,True,0,
39,the-jammu-and-kashmir-local-bodies-laws-amendment-bill-2024,"The Jammu and Kashmir Local Bodies Laws (Amendment) Bill, 2024",Home Affairs,Passed,https://prsindia.org/billtrack/the-jammu-and-kashmir-local-bodies-laws-amendment-bill-2024,2024-02-05T00:00:00,2025-11-11T14:39:53.000256,2025-11-20T00:36:50.757446,True,False,4021,0,0,True,0,
40,the-public-examinations-prevention-of-unfair-means-bill-2024,"The Public Examinations (Prevention of Unfair Means) Bill, 2024","Personnel, Grievances and Pensions",Passed,https://prsindia.org/billtrack/the-public-examinations-prevention-of-unfair-means-bill-2024,2024-02-05T00:00:00,2025-11-11T14:39:53.001817,2025-11-20T00:36:51.925839,True,False,4373,0,0,True,0,
41,the-telecommunication-bill-2023,"The Telecommunications Bill, 2023",Communication and IT,Passed,https://prsindia.org/billtrack/the-telecommunication-bill-2023,2023-12-18T00:00:00,2025-11-11T14:39:53.004144,2025-11-20T00:36:53.389584,True,False,24077,0,0,True,0,
42,the-national-capital-territory-of-delhi-laws-special-provisions-second-amendment-bill-2023,"The National Capital Territory of Delhi Laws (Special Provisions) Second (Amendment) Bill, 2023",Housing and Urban Affairs,Passed,https://prsindia.org/billtrack/the-national-capital-territory-of-delhi-laws-special-provisions-second-amendment-bill-2023,2023-12-13T00:00:00,2025-11-11T14:39:53.006077,2025-11-20T00:36:54.557894,True,False,1602,0,0,True,0,
43,the-central-goods-and-services-tax-second-amendment-bill-2023,"The Central Goods and Services Tax (Second Amendment) Bill, 2023",Finance,Passed,https://prsindia.org/billtrack/the-central-goods-and-services-tax-second-amendment-bill-2023,2023-12-13T00:00:00,2025-11-11T14:39:53.007755,2025-11-20T00:36:55.836634,True,False,1782,0,0,True,0,
44,the-provisional-collection-of-taxes-bill-2023,"The Provisional Collection of Taxes Bill, 2023",Finance,Passed,https://prsindia.org/billtrack/the-provisional-collection-of-taxes-bill-2023,2023-12-13T00:00:00,2025-11-11T14:39:53.009393,2025-11-20T00:36:56.988999,True,False,2107,0,1,True,0,
45,the-bharatiya-nyaya-second-sanhita-2023,"The Bharatiya Nyaya (Second) Sanhita, 2023",Home Affairs,Passed,https://prsindia.org/billtrack/the-bharatiya-nyaya-second-sanhita-2023,2023-12-12T00:00:00,2025-11-11T14:39:53.010904,2025-11-20T00:37:06.542704,True,False,23618,0,0,True,0,
46,the-bharatiya-nagarik-suraksha-second-sanhita-2023,"The Bharatiya Nagarik Suraksha (Second) Sanhita, 2023",Home Affairs,Passed,https://prsindia.org/billtrack/the-bharatiya-nagarik-suraksha-second-sanhita-2023,2023-12-12T00:00:00,2025-11-11T14:39:53.012021,2025-11-20T00:37:08.057732,True,False,23750,0,0,True,0,
47,the-bharatiya-sakshya-second-bill-2023,"The Bharatiya Sakshya (Second) Bill, 2023",Home Affairs,Passed,https://prsindia.org/billtrack/the-bharatiya-sakshya-second-bill-2023,2023-12-12T00:00:00,2025-11-11T14:39:53.013075,2025-11-20T00:37:09.564366,True,False,20997,0,0,True,0,
48,the-jammu-and-kashmir-reorganisation-second-amendment-bill-2023,"The Jammu and Kashmir Reorganisation (Second Amendment) Bill, 2023",Home Affairs,Passed,https://prsindia.org/billtrack/the-jammu-and-kashmir-reorganisation-second-amendment-bill-2023,2023-12-12T00:00:00,2025-11-11T14:39:53.014089,2025-11-20T00:37:10.919393,True,False,1750,0,0,True,0,
49,the-government-of-union-territories-amendment-bill-2023,"The Government of Union Territories (Amendment) Bill, 2023",Home Affairs,Passed,https://prsindia.org/billtrack/the-government-of-union-territories-amendment-bill-2023,2023-12-12T00:00:00,2025-11-11T14:39:53.015117,2025-11-20T00:37:12.557731,True,False,1653,0,0,True,0,
50,the-central-universities-amendment-bill-2023,"The Central Universities (Amendment) Bill, 2023",Human Resource Development,Passed,https://prsindia.org/billtrack/the-central-universities-amendment-bill-2023,2023-12-04T00:00:00,2025-11-11T14:39:53.016119,2025-11-20T00:37:13.833313,True,False,1367,0,0,True,0,
51,the-constitution-one-hundred-twenty-eighth-amendment-bill-2023,"Women's Reservation Bill 2023 [The Constitution (One Hundred Twenty-Eighth Amendment) Bill, 2023]",Law and Justice,Passed,https://prsindia.org/billtrack/the-constitution-one-hundred-twenty-eighth-amendment-bill-2023,2023-09-19T00:00:00,2025-11-11T14:39:53.017119,2025-11-20T00:37:15.398463,True,False,14584,0,0,True,0,
52,overview-of-criminal-law-reforms,Overview of Criminal Law Reforms,Home Affairs,Passed,https://prsindia.org/billtrack/overview-of-criminal-law-reforms,,2025-11-11T14:39:53.018355,2025-11-20T00:37:17.789241,True,False,29032,0,0,True,0,
53,the-bharatiya-sakshya-bill-2023,"The Bharatiya Sakshya Bill, 2023",Home Affairs,Withdrawn,https://prsindia.org/billtrack/the-bharatiya-sakshya-bill-2023,2023-08-11T00:00:00,2025-11-11T14:39:53.020030,2025-11-20T00:37:19.134587,True,False,23741,0,0,True,0,
54,the-bharatiya-nagarik-suraksha-sanhita-2023,"The Bharatiya Nagarik Suraksha Sanhita, 2023",Home Affairs,Withdrawn,https://prsindia.org/billtrack/the-bharatiya-nagarik-suraksha-sanhita-2023,2023-08-11T00:00:00,2025-11-11T14:39:53.021545,2025-11-20T00:37:20.637581,True,False,27363,0,0,True,0,
55,the-bharatiya-nyaya-sanhita-2023,"The Bharatiya Nyaya Sanhita, 2023",Home Affairs,Withdrawn,https://prsindia.org/billtrack/the-bharatiya-nyaya-sanhita-2023,2023-08-11T00:00:00,2025-11-11T14:39:53.022864,2025-11-20T00:37:22.288621,True,False,27841,0,0,True,0,
56,the-integrated-goods-and-services-tax-amendment-bill-2023,"The Integrated Goods and Services Tax (Amendment) Bill, 2023",Finance,Passed,https://prsindia.org/billtrack/the-integrated-goods-and-services-tax-amendment-bill-2023,2023-08-11T00:00:00,2025-11-11T14:39:53.024486,2025-11-20T00:37:23.665822,True,False,2968,0,6,True,0,
57,the-central-goods-and-services-tax-amendment-bill-2023,"The Central Goods and Services Tax (Amendment) Bill, 2023",Finance,Passed,https://prsindia.org/billtrack/the-central-goods-and-services-tax-amendment-bill-2023,2023-08-11T00:00:00,2025-11-11T14:39:53.025859,2025-11-20T00:37:25.725978,True,True,2795,0,6,True,94,extractive_fallback
58,the-post-office-bill-2023,"The Post Office Bill, 2023",Information and Broadcasting,Passed,https://prsindia.org/billtrack/the-post-office-bill-2023,2023-08-10T00:00:00,2025-11-11T14:39:53.027066,2025-11-20T00:37:26.950922,True,False,17278,0,0,True,0,
59,the-chief-election-commissioner-and-other-election-commissioners-appointment-conditions-of-service-and-term-of-office-bill-2023,"The Chief Election Commissioner and Other Election Commissioners (Appointment, Conditions of Service and Term of Office) Bill, 2023",Law and Justice,Passed,https://prsindia.org/billtrack/the-chief-election-commissioner-and-other-election-commissioners-appointment-conditions-of-service-and-term-of-office-bill-2023,2023-08-10T00:00:00,2025-11-11T14:39:53.028123,2025-11-20T00:37:28.559960,True,False,18326,0,0,True,0,
60,the-anusandhan-national-research-foundation-bill-2023,"The Anusandhan National Research Foundation Bill, 2023",Science and Technology,Passed,https://prsindia.org/billtrack/the-anusandhan-national-research-foundation-bill-2023,2023-08-04T00:00:00,2025-11-11T14:39:53.029272,2025-11-20T00:37:30.831322,True,False,4925,0,0,True,0,
61,the-pharmacy-amendment-bill-2023,"The Pharmacy (Amendment) Bill, 2023",Health and Family Welfare,Passed,https://prsindia.org/billtrack/the-pharmacy-amendment-bill-2023,2023-08-03T00:00:00,2025-11-11T14:39:53.030344,2025-11-20T00:37:32.586150,True,False,1363,0,0,True,0,
62,digital-personal-data-protection-bill-2023,"The Digital Personal Data Protection Bill, 2023",Electronics and Information Technology,Passed,https://prsindia.org/billtrack/digital-personal-data-protection-bill-2023,2023-08-03T00:00:00,2025-11-11T14:39:53.031369,2025-11-20T00:37:34.934725,True,False,28191,0,0,True,0,
63,the-advocates-amendment-bill-2023,"The Advocates (Amendment) Bill, 2023",Law and Justice,Passed,https://prsindia.org/billtrack/the-advocates-amendment-bill-2023,2023-08-01T00:00:00,2025-11-11T14:39:53.032379,2025-11-20T00:37:36.117780,True,False,2217,0,0,True,0,
64,the-press-and-registration-of-periodicals-bill-2023,"The Press and Registration of Periodicals Bill, 2023",Information and Broadcasting,Passed,https://prsindia.org/billtrack/the-press-and-registration-of-periodicals-bill-2023,2023-08-01T00:00:00,2025-11-11T14:39:53.033365,2025-11-20T00:37:37.346967,True,False,4352,0,0,True,0,
65,the-government-of-national-capital-territory-of-delhi-amendment-bill-2023,"The Government of National Capital Territory of Delhi (Amendment) Bill, 2023",Law and Justice,Passed,https://prsindia.org/billtrack/the-government-of-national-capital-territory-of-delhi-amendment-bill-2023,2023-08-01T00:00:00,2025-11-11T14:39:53.034429,2025-11-20T00:37:38.811936,True,False,17086,0,0,True,0,
66,the-indian-institutes-of-management-amendment-bill-2023,"The Indian Institutes of Management (Amendment) Bill, 2023",Human Resource Development,Passed,https://prsindia.org/billtrack/the-indian-institutes-of-management-amendment-bill-2023,2023-07-28T00:00:00,2025-11-11T14:39:53.036009,2025-11-20T00:37:39.932482,True,False,4391,0,0,True,0,
67,the-offshore-areas-mineral-development-and-regulation-amendment-bill-2023,"The Offshore Areas Mineral (Development and Regulation) Amendment Bill, 2023",Mines,Passed,https://prsindia.org/billtrack/the-offshore-areas-mineral-development-and-regulation-amendment-bill-2023,2023-07-27T00:00:00,2025-11-11T14:39:53.037594,2025-11-20T00:37:41.340761,True,False,4952,0,0,True,0,
68,the-constitution-jammu-and-kashmir-scheduled-tribes-order-amendment-bill-2023,"The Constitution (Jammu and Kashmir) Scheduled Tribes Order (Amendment) Bill, 2023",Tribal Affairs,Passed,https://prsindia.org/billtrack/the-constitution-jammu-and-kashmir-scheduled-tribes-order-amendment-bill-2023,2023-07-26T00:00:00,2025-11-11T14:39:53.038770,2025-11-20T00:37:42.521927,True,False,1174,0,0,True,0,
69,the-constitution-jammu-and-kashmir-scheduled-castes-order-amendment-bill-2023,"The Constitution (Jammu and Kashmir) Scheduled Castes Order (Amendment) Bill, 2023",Social Justice and Empowerment,Passed,https://prsindia.org/billtrack/the-constitution-jammu-and-kashmir-scheduled-castes-order-amendment-bill-2023,2023-07-26T00:00:00,2025-11-11T14:39:53.039860,2025-11-20T00:37:43.644764,True,False,1157,0,0,True,0,
70,the-mines-and-minerals-development-and-regulation-amendment-bill-2023,"The Mines and Minerals (Development and Regulation) Amendment Bill, 2023",Mines,Passed,https://prsindia.org/billtrack/the-mines-and-minerals-development-and-regulation-amendment-bill-2023,2023-07-26T00:00:00,2025-11-11T14:39:53.041337,2025-11-20T00:37:44.863410,True,False,4981,0,0,True,0,
71,the-jammu-and-kashmir-reservation-amendment-bill-2023,"The Jammu and Kashmir Reservation (Amendment) Bill, 2023",Home Affairs,Passed,https://prsindia.org/billtrack/the-jammu-and-kashmir-reservation-amendment-bill-2023,2023-07-26T00:00:00,2025-11-11T14:39:53.043128,2025-11-20T00:37:46.195058,True,False,1780,0,0,True,0,
72,the-registration-of-births-and-deaths-amendment-bill-2023,"The Registration of Births and Deaths (Amendment) Bill, 2023",Home Affairs,Passed,https://prsindia.org/billtrack/the-registration-of-births-and-deaths-amendment-bill-2023,2023-07-26T00:00:00,2025-11-11T14:39:53.045148,2025-11-20T00:37:47.617197,True,False,13218,0,0,True,0,
73,the-jammu-and-kashmir-reorganisation-amendment-bill-2023,"The Jammu and Kashmir Reorganisation (Amendment) Bill, 2023",Home Affairs,Passed,https://prsindia.org/billtrack/the-jammu-and-kashmir-reorganisation-amendment-bill-2023,2023-07-26T00:00:00,2025-11-11T14:39:53.046724,2025-11-20T00:37:48.800453,True,False,2802,0,0,True,0,
74,the-constitution-scheduled-castes-order-amendment-bill-2023,"The Constitution (Scheduled Castes) Order (Amendment) Bill, 2023",Social Justice and Empowerment,Passed,https://prsindia.org/billtrack/the-constitution-scheduled-castes-order-amendment-bill-2023,2023-07-24T00:00:00,2025-11-11T14:39:53.047803,2025-11-20T00:37:49.966110,True,False,1117,0,0,True,0,
75,the-national-nursing-and-midwifery-commission-bill-2023,"The National Nursing and Midwifery Commission Bill, 2023",Health and Family Welfare,Passed,https://prsindia.org/billtrack/the-national-nursing-and-midwifery-commission-bill-2023,2023-07-24T00:00:00,2025-11-11T14:39:53.048849,2025-11-20T00:37:51.168444,True,False,4841,0,0,True,0,
76,the-national-dental-commission-bill-2023,"The National Dental Commission Bill, 2023",Health and Family Welfare,Passed,https://prsindia.org/billtrack/the-national-dental-commission-bill-2023,2023-07-24T00:00:00,2025-11-11T14:39:53.049872,2025-11-20T00:37:52.670655,True,False,5067,0,0,True,0,
77,the-cinematograph-amendment-bill-2023,"The Cinematograph (Amendment) Bill, 2023",Information and Broadcasting,Passed,https://prsindia.org/billtrack/the-cinematograph-amendment-bill-2023,2023-07-20T00:00:00,2025-11-11T14:39:53.050872,2025-11-20T00:37:53.940465,True,False,3641,0,0,True,0,
78,the-government-of-national-capital-territory-of-delhi-amendment-ordinance-2023,"The Government of National Capital Territory of Delhi (Amendment) Ordinance, 2023",Law and Justice,Replaced by an Act,https://prsindia.org/billtrack/the-government-of-national-capital-territory-of-delhi-amendment-ordinance-2023,,2025-11-11T14:39:53.052314,2025-11-20T00:37:56.033036,True,False,18786,0,0,True,0,
79,the-coastal-aquaculture-authority-amendment-bill-2023,"The Coastal Aquaculture Authority (Amendment) Bill, 2023","Fisheries, Animal Husbandry and Dairying",Passed,https://prsindia.org/billtrack/the-coastal-aquaculture-authority-amendment-bill-2023,2023-04-05T00:00:00,2025-11-11T14:39:53.054004,2025-11-20T00:37:58.174443,True,False,9771,0,0,True,0,
80,the-forest-conservation-amendment-bill-2023,"The Forest (Conservation) Amendment Bill, 2023","Environment, Forests and Climate Change",Passed,https://prsindia.org/billtrack/the-forest-conservation-amendment-bill-2023,2023-03-29T00:00:00,2025-11-11T14:39:53.055387,2025-11-20T00:37:59.798173,True,False,19178,0,0,True,0,
81,the-inter-services-organisations-command-control-and-discipline-bill-2023,"The Inter-Services Organisations (Command, Control and Discipline) Bill, 2023",Defence,Passed,https://prsindia.org/billtrack/the-inter-services-organisations-command-control-and-discipline-bill-2023,2023-03-15T00:00:00,2025-11-11T14:39:53.057221,2025-11-20T00:38:01.315288,True,False,3801,0,0,True,0,
82,amendments-to-it-rules-2021,"Amendments to IT Rules, 2021",Communication and IT,Draft,https://prsindia.org/billtrack/amendments-to-it-rules-2021,,2025-11-11T14:39:53.058496,2025-11-20T00:38:03.159958,True,False,24746,0,0,True,0,
83,draft-the-digital-personal-data-protection-bill-2022,"Draft Digital Personal Data Protection Bill, 2022",Electronics and Information Technology,Draft,https://prsindia.org/billtrack/draft-the-digital-personal-data-protection-bill-2022,,2025-11-11T14:39:53.059569,2025-11-20T00:38:05.261653,True,False,29549,0,0,True,0,
84,draft-indian-telecommunication-bill-2022,"Draft Indian Telecommunication Bill, 2022",Communications,Draft,https://prsindia.org/billtrack/draft-indian-telecommunication-bill-2022,,2025-11-11T14:39:53.060601,2025-11-20T00:38:10.244892,True,False,29050,0,0,True,0,
85,the-jan-vishwas-amendment-of-provisions-bill-2022,"The Jan Vishwas (Amendment of Provisions) Bill, 2022",Commerce and Industry,Passed,https://prsindia.org/billtrack/the-jan-vishwas-amendment-of-provisions-bill-2022,2022-12-22T00:00:00,2025-11-11T14:39:53.061607,2025-11-20T00:38:11.459002,True,False,18140,0,0,True,0,
86,the-repealing-and-amending-bill-2022,"The Repealing and Amending Bill, 2022",Law and Justice,Passed,https://prsindia.org/billtrack/the-repealing-and-amending-bill-2022,2022-12-19T00:00:00,2025-11-11T14:39:53.062611,2025-11-20T00:38:12.613814,True,False,1267,0,0,True,0,
87,the-constitution-scheduled-tribes-order-second-amendment-bill-2022,"The Constitution (Scheduled Tribes) Order (Second Amendment) Bill, 2022",Tribal Affairs,Passed,https://prsindia.org/billtrack/the-constitution-scheduled-tribes-order-second-amendment-bill-2022,2022-12-09T00:00:00,2025-11-11T14:39:53.063603,2025-11-20T00:38:13.779450,True,False,1124,0,0,True,0,
88,the-constitution-scheduled-tribes-order-third-amendment-bill-2022,"The Constitution (Scheduled Tribes) Order (Third Amendment) Bill, 2022",Tribal Affairs,Passed,https://prsindia.org/billtrack/the-constitution-scheduled-tribes-order-third-amendment-bill-2022,2022-12-09T00:00:00,2025-11-11T14:39:53.064589,2025-11-20T00:38:14.929492,True,False,1156,0,0,True,0,
89,the-constitution-scheduled-tribes-order-fourth-amendment-bill-2022,"The Constitution (Scheduled Tribes) Order (Fourth Amendment) Bill, 2022",Tribal Affairs,Passed,https://prsindia.org/billtrack/the-constitution-scheduled-tribes-order-fourth-amendment-bill-2022,2022-12-09T00:00:00,2025-11-11T14:39:53.065562,2025-11-20T00:38:16.054053,True,False,1132,0,0,True,0,
90,the-constitution-scheduled-tribes-order-fifth-amendment-bill-2022,"The Constitution (Scheduled Tribes) Order (Fifth Amendment) Bill, 2022",Tribal Affairs,Passed,https://prsindia.org/billtrack/the-constitution-scheduled-tribes-order-fifth-amendment-bill-2022,2022-12-09T00:00:00,2025-11-11T14:39:53.066543,2025-11-20T00:38:17.176780,True,False,1605,0,0,True,0,
91,the-multi-state-co-operative-societies-amendment-bill-2022,"The Multi-State Co-operative Societies (Amendment) Bill, 2022",Home Affairs,Passed,https://prsindia.org/billtrack/the-multi-state-co-operative-societies-amendment-bill-2022,2022-12-07T00:00:00,2025-11-11T14:39:53.067867,2025-11-20T00:38:18.650629,True,False,16264,0,0,True,0,
92,criminal-procedure-identification-rules-2022,"Criminal Procedure (Identification) Rules, 2022",Home Affairs,Rules,https://prsindia.org/billtrack/criminal-procedure-identification-rules-2022,,2025-11-11T14:39:53.069220,2025-11-20T00:38:21.051348,True,False,14110,0,0,True,0,
93,the-electricity-amendment-bill-2022,"The Electricity (Amendment) Bill, 2022",Power,Lapsed,https://prsindia.org/billtrack/the-electricity-amendment-bill-2022,2022-08-08T00:00:00,2025-11-11T14:39:53.070800,2025-11-20T00:38:22.405944,True,False,25932,0,0,True,0,
94,the-competition-amendment-bill-2022,"The Competition (Amendment) Bill, 2022",Finance,Passed,https://prsindia.org/billtrack/the-competition-amendment-bill-2022,2022-08-05T00:00:00,2025-11-11T14:39:53.072938,2025-11-20T00:38:23.667200,True,False,17398,0,0,True,0,
95,the-new-delhi-international-arbitration-centre-amendment-bill-2022,"The New Delhi International Arbitration Centre (Amendment) Bill, 2022",Law and Justice,Passed,https://prsindia.org/billtrack/the-new-delhi-international-arbitration-centre-amendment-bill-2022,2022-08-05T00:00:00,2025-11-11T14:39:53.074241,2025-11-20T00:38:25.005580,True,False,2014,0,0,True,0,
96,the-energy-conservation-amendment-bill-2022,"The Energy Conservation (Amendment) Bill, 2022",Power,Passed,https://prsindia.org/billtrack/the-energy-conservation-amendment-bill-2022,2022-08-03T00:00:00,2025-11-11T14:39:53.075718,2025-11-20T00:38:26.546923,True,False,18063,0,0,True,0,
97,the-central-universities-amendment-bill-2022,"The Central Universities (Amendment) Bill, 2022",Skill Development and Entrepreneurship,Passed,https://prsindia.org/billtrack/the-central-universities-amendment-bill-2022,2022-08-01T00:00:00,2025-11-11T14:39:53.076850,2025-11-20T00:38:28.230889,True,False,2069,0,0,True,0,
98,the-family-courts-amendment-bill-2022,"The Family Courts (Amendment) Bill, 2022",Law and Justice,Passed,https://prsindia.org/billtrack/the-family-courts-amendment-bill-2022,2022-07-18T00:00:00,2025-11-11T14:39:53.077940,2025-11-20T00:38:29.410546,True,False,1687,0,0,True,0,
99,the-weapons-of-mass-destruction-and-their-delivery-systems-prohibition-of-unlawful-activities-amendment-bill-2022,"The Weapons of Mass Destruction and their Delivery Systems (Prohibition of Unlawful Activities) Amendment Bill, 2022",External Affairs,Passed,https://prsindia.org/billtrack/the-weapons-of-mass-destruction-and-their-delivery-systems-prohibition-of-unlawful-activities-amendment-bill-2022,2022-04-05T00:00:00,2025-11-11T14:39:53.078959,2025-11-20T00:38:30.605390,True,False,1715,0,0,True,0,
100,the-indian-antarctic-bill-2022,"The Indian Antarctic Bill, 2022",Earth Sciences,Passed,https://prsindia.org/billtrack/the-indian-antarctic-bill-2022,2022-04-01T00:00:00,2025-11-11T14:39:53.081280,2025-11-20T00:38:31.790200,True,False,4280,0,0,True,0,
101,the-constitution-scheduled-castes-and-scheduled-tribes-orders-second-amendment-bill-2022,"The Constitution (Scheduled Castes and Scheduled Tribes) Orders (Second Amendment) Bill, 2022",Tribal Affairs,Passed,https://prsindia.org/billtrack/the-constitution-scheduled-castes-and-scheduled-tribes-orders-second-amendment-bill-2022,2022-03-28T00:00:00,2025-11-11T14:39:53.082593,2025-11-20T00:38:33.000443,True,False,1357,0,0,True,0,
102,the-criminal-procedure-identification-bill-2022,"The Criminal Procedure (Identification) Bill, 2022",Home Affairs,Passed,https://prsindia.org/billtrack/the-criminal-procedure-identification-bill-2022,2022-03-28T00:00:00,2025-11-11T14:39:53.083738,2025-11-20T00:38:34.113173,True,False,12342,0,0,True,0,
103,the-delhi-municipal-corporation-amendment-bill-2022,"The Delhi Municipal Corporation (Amendment) Bill, 2022",Home Affairs,Passed,https://prsindia.org/billtrack/the-delhi-municipal-corporation-amendment-bill-2022,2022-03-25T00:00:00,2025-11-11T14:39:53.084804,2025-11-20T00:38:35.206036,True,False,3689,0,0,True,0,
104,the-constitution-scheduled-tribes-orders-amendment-bill-2022,"The Constitution (Scheduled Tribes) Orders (Amendment) Bill, 2022",Tribal Affairs,Passed,https://prsindia.org/billtrack/the-constitution-scheduled-tribes-orders-amendment-bill-2022,2022-02-07T00:00:00,2025-11-11T14:39:53.086303,2025-11-20T00:38:36.295089,True,False,1266,0,0,True,0,
105,the-constitution-scheduled-castes-and-scheduled-tribes-orders-amendment-bill-2022,"The Constitution (Scheduled Castes and Scheduled Tribes) Orders (Amendment) Bill, 2022",Tribal Affairs,Passed,https://prsindia.org/billtrack/the-constitution-scheduled-castes-and-scheduled-tribes-orders-amendment-bill-2022,2022-02-07T00:00:00,2025-11-11T14:39:53.088379,2025-11-20T00:38:37.384566,True,False,1747,0,0,True,0,
106,the-prohibition-of-child-marriage-amendment-bill-2021,"The Prohibition of Child Marriage (Amendment) Bill, 2021",Women and Child Development,Lapsed,https://prsindia.org/billtrack/the-prohibition-of-child-marriage-amendment-bill-2021,2021-12-21T00:00:00,2025-11-11T14:39:53.089630,2025-11-20T00:38:38.524059,True,False,15627,0,0,True,0,
107,the-mediation-bill-2021,"The Mediation Bill, 2021",Law and Justice,Passed,https://prsindia.org/billtrack/the-mediation-bill-2021,2021-12-20T00:00:00,2025-11-11T14:39:53.091526,2025-11-20T00:38:39.629918,True,False,18089,0,0,True,0,
108,the-election-laws-amendment-bill-2021,"The Election Laws (Amendment) Bill, 2021",Law and Justice,Passed,https://prsindia.org/billtrack/the-election-laws-amendment-bill-2021,2021-12-20T00:00:00,2025-11-11T14:39:53.092717,2025-11-20T00:38:40.719919,True,False,3649,0,0,True,0,
109,the-chartered-accountants-the-cost-and-works-accountants-and-the-company-secretaries-amendment-bill-2021,"The Chartered Accountants, the Cost and Works Accountants and the Company Secretaries (Amendment) Bill, 2021",Finance,Passed,https://prsindia.org/billtrack/the-chartered-accountants-the-cost-and-works-accountants-and-the-company-secretaries-amendment-bill-2021,2021-12-17T00:00:00,2025-11-11T14:39:53.093805,2025-11-20T00:38:41.821352,True,False,16722,0,0,True,0,
110,the-national-anti-doping-bill-2021,"The National Anti-Doping Bill, 2021",Youth Affairs and Sports,Passed,https://prsindia.org/billtrack/the-national-anti-doping-bill-2021,2021-12-17T00:00:00,2025-11-11T14:39:53.094853,2025-11-20T00:38:42.922458,True,False,14940,0,32,True,0,
111,the-wild-life-protection-amendment-bill-2021,"The Wild Life (Protection) Amendment Bill, 2021","Environment, Forests and Climate Change",Passed,https://prsindia.org/billtrack/the-wild-life-protection-amendment-bill-2021,2021-12-17T00:00:00,2025-11-11T14:39:53.095962,2025-11-20T00:38:44.029287,True,False,5129,0,0,True,0,
112,the-biological-diversity-amendment-bill-2021,"The Biological Diversity (Amendment) Bill, 2021","Environment, Forests and Climate Change",Passed,https://prsindia.org/billtrack/the-biological-diversity-amendment-bill-2021,2021-12-16T00:00:00,2025-11-11T14:39:53.096996,2025-11-20T00:38:45.144383,True,False,17958,0,0,True,0,
113,draft-rules-under-the-industrial-relations-code-2020,"Draft Rules under the Industrial Relations Code, 2020",Labour and Employment,Draft,https://prsindia.org/billtrack/draft-rules-under-the-industrial-relations-code-2020,,2025-11-11T14:39:53.098045,2025-11-20T00:38:46.242728,True,False,15644,0,0,True,0,
114,the-narcotic-drugs-and-psychotropic-substances-amendment-bill-2021,"The Narcotic Drugs and Psychotropic Substances (Amendment) Bill, 2021",Finance,Passed,https://prsindia.org/billtrack/the-narcotic-drugs-and-psychotropic-substances-amendment-bill-2021,2021-12-06T00:00:00,2025-11-11T14:39:53.099048,2025-11-20T00:38:47.330843,True,False,2000,0,0,True,0,
115,the-central-vigilance-commission-amendment-bill-2021,"The Central Vigilance Commission (Amendment) Bill, 2021","Personnel, Grievances and Pensions",Passed,https://prsindia.org/billtrack/the-central-vigilance-commission-amendment-bill-2021,2021-12-03T00:00:00,2025-11-11T14:39:53.100065,2025-11-20T00:38:48.423989,True,False,1734,0,0,True,0,
116,the-delhi-special-police-establishment-amendment-bill-2021,"The Delhi Special Police Establishment (Amendment) Bill, 2021","Personnel, Grievances and Pensions",Passed,https://prsindia.org/billtrack/the-delhi-special-police-establishment-amendment-bill-2021,2021-12-03T00:00:00,2025-11-11T14:39:53.101046,2025-11-20T00:38:49.515576,True,False,1777,0,0,True,0,
117,the-high-court-and-supreme-court-judges-salaries-and-conditions-of-service-amendment-bill-2021,"The High Court and Supreme Court Judges (Salaries and Conditions of Service) Amendment Bill, 2021",Law and Justice,Passed,https://prsindia.org/billtrack/the-high-court-and-supreme-court-judges-salaries-and-conditions-of-service-amendment-bill-2021,2021-11-30T00:00:00,2025-11-11T14:39:53.102361,2025-11-20T00:38:50.609780,True,False,1871,0,0,True,0,
118,draft-amendments-to-the-consumer-protection-e-commerce-rules-2020,"Draft Amendments to the Consumer Protection (E-Commerce) Rules, 2020",Consumer Affairs and Food Distribution,Draft,https://prsindia.org/billtrack/draft-amendments-to-the-consumer-protection-e-commerce-rules-2020,,2025-11-11T14:39:53.104676,2025-11-20T00:38:51.807471,True,False,26824,0,0,True,0,
119,the-farm-laws-repeal-bill-2021,"The Farm Laws Repeal Bill, 2021",Agriculture and Farmers Welfare,Passed,https://prsindia.org/billtrack/the-farm-laws-repeal-bill-2021,2021-11-29T00:00:00,2025-11-11T14:39:53.106111,2025-11-20T00:38:52.898945,True,False,1658,0,0,True,0,
120,the-delhi-special-police-establishment-amendment-ordinance-2021,"The Delhi Special Police Establishment (Amendment) Ordinance, 2021",Law and Justice,Replaced by an Act,https://prsindia.org/billtrack/the-delhi-special-police-establishment-amendment-ordinance-2021,,2025-11-11T14:39:53.107302,2025-11-20T00:38:53.988857,True,False,1675,0,0,True,0,
121,the-central-vigilance-commission-amendment-ordinance-2021,"The Central Vigilance Commission (Amendment) Ordinance, 2021",Law and Justice,Replaced by an Act,https://prsindia.org/billtrack/the-central-vigilance-commission-amendment-ordinance-2021,,2025-11-11T14:39:53.108459,2025-11-20T00:38:55.096644,True,False,1648,0,0,True,0,
122,the-narcotic-drugs-and-psychotropic-substances-amendment-ordinance-2021,"The Narcotic Drugs and Psychotropic Substances (Amendment) Ordinance, 2021",Law and Justice,Replaced by an Act,https://prsindia.org/billtrack/the-narcotic-drugs-and-psychotropic-substances-amendment-ordinance-2021,,2025-11-11T14:39:53.109819,2025-11-20T00:38:56.199997,True,False,1926,0,0,True,0,
123,the-national-commission-for-homoeopathy-amendment-bill-2021,"The National Commission for Homoeopathy (Amendment) Bill, 2021",AYUSH,Passed,https://prsindia.org/billtrack/the-national-commission-for-homoeopathy-amendment-bill-2021,2021-08-09T00:00:00,2025-11-11T14:39:53.111182,2025-11-20T00:38:57.288803,True,False,2120,0,0,True,0,
124,the-constitution-one-hundred-and-twenty-seventh-amendment-bill-2021,"The Constitution (One Hundred and Twenty-seventh Amendment) Bill, 2021",Social Justice and Empowerment,Passed,https://prsindia.org/billtrack/the-constitution-one-hundred-and-twenty-seventh-amendment-bill-2021,2021-08-09T00:00:00,2025-11-11T14:39:53.112338,2025-11-20T00:38:58.384094,True,False,2227,0,0,True,0,
125,the-national-commission-for-indian-system-of-medicine-amendment-bill-2021,"The National Commission for Indian System of Medicine (Amendment) Bill, 2021",AYUSH,Passed,https://prsindia.org/billtrack/the-national-commission-for-indian-system-of-medicine-amendment-bill-2021,2021-08-09T00:00:00,2025-11-11T14:39:53.113389,2025-11-20T00:38:59.476510,True,False,2158,0,0,True,0,
126,the-taxation-laws-amendment-bill-2021,"The Taxation Laws (Amendment) Bill, 2021",Finance,Passed,https://prsindia.org/billtrack/the-taxation-laws-amendment-bill-2021,2021-08-05T00:00:00,2025-11-11T14:39:53.114430,2025-11-20T00:39:00.565651,True,False,2987,0,5,True,0,
127,the-central-universities-amendment-bill-2021,"The Central Universities (Amendment) Bill, 2021",Skill Development and Entrepreneurship,Passed,https://prsindia.org/billtrack/the-central-universities-amendment-bill-2021,2021-08-05T00:00:00,2025-11-11T14:39:53.115438,2025-11-20T00:39:01.656250,True,False,1092,0,0,True,0,
128,the-constitution-scheduled-tribes-order-amendment-bill-2021,"The Constitution (Scheduled Tribes) Order (Amendment) Bill, 2021",Tribal Affairs,Passed,https://prsindia.org/billtrack/the-constitution-scheduled-tribes-order-amendment-bill-2021,2021-08-02T00:00:00,2025-11-11T14:39:53.116466,2025-11-20T00:39:02.752154,True,False,1820,0,0,True,0,
129,the-tribunals-reforms-bill-2021,"The Tribunals Reforms Bill, 2021",Finance,Passed,https://prsindia.org/billtrack/the-tribunals-reforms-bill-2021,2021-08-02T00:00:00,2025-11-11T14:39:53.117493,2025-11-20T00:39:03.844910,True,False,4552,0,0,True,0,
130,the-deposit-insurance-and-credit-guarantee-corporation-amendment-bill-2021,"The Deposit Insurance and Credit Guarantee Corporation (Amendment) Bill, 2021",Finance,Passed,https://prsindia.org/billtrack/the-deposit-insurance-and-credit-guarantee-corporation-amendment-bill-2021,2021-07-30T00:00:00,2025-11-11T14:39:53.118931,2025-11-20T00:39:04.939757,True,False,5218,0,0,True,0,
131,the-limited-liability-partnership-amendment-bill-2021,"The Limited Liability Partnership (Amendment) Bill, 2021",Finance,Passed,https://prsindia.org/billtrack/the-limited-liability-partnership-amendment-bill-2021,2021-07-30T00:00:00,2025-11-11T14:39:53.121390,2025-11-20T00:39:06.033918,True,False,5301,0,0,True,0,
132,the-commission-for-air-quality-management-in-national-capital-region-and-adjoining-areas-bill-2021,"The Commission for Air Quality Management in National Capital Region and Adjoining Areas Bill, 2021","Environment, Forests and Climate Change",Passed,https://prsindia.org/billtrack/the-commission-for-air-quality-management-in-national-capital-region-and-adjoining-areas-bill-2021,2021-07-30T00:00:00,2025-11-11T14:39:53.122691,2025-11-20T00:39:07.140661,True,False,4832,0,0,True,0,
133,the-general-insurance-business-nationalisation-amendment-bill-2021,"The General Insurance Business (Nationalisation) Amendment Bill, 2021",Finance,Passed,https://prsindia.org/billtrack/the-general-insurance-business-nationalisation-amendment-bill-2021,2021-07-30T00:00:00,2025-11-11T14:39:53.124075,2025-11-20T00:39:08.229794,True,False,3708,0,0,True,0,
134,the-coconut-development-board-amendment-bill-2021,"The Coconut Development Board (Amendment) Bill, 2021",Agriculture and Farmers Welfare,Passed,https://prsindia.org/billtrack/the-coconut-development-board-amendment-bill-2021,2021-07-29T00:00:00,2025-11-11T14:39:53.125716,2025-11-20T00:39:09.324109,True,False,4220,0,0,True,0,
135,the-insolvency-and-bankruptcy-code-amendment-bill-2021,"The Insolvency and Bankruptcy Code (Amendment) Bill, 2021",Finance,Passed,https://prsindia.org/billtrack/the-insolvency-and-bankruptcy-code-amendment-bill-2021,2021-07-26T00:00:00,2025-11-11T14:39:53.126797,2025-11-20T00:39:10.416090,True,False,5318,0,0,True,0,
136,the-essential-defence-services-bill-2021,"The Essential Defence Services Bill, 2021",Defence,Passed,https://prsindia.org/billtrack/the-essential-defence-services-bill-2021,2021-07-22T00:00:00,2025-11-11T14:39:53.127851,2025-11-20T00:39:11.512988,True,False,4305,0,0,True,0,
137,the-inland-vessels-bill-2021,"The Inland Vessels Bill, 2021",Shipping,Passed,https://prsindia.org/billtrack/the-inland-vessels-bill-2021,2021-07-22T00:00:00,2025-11-11T14:39:53.128885,2025-11-20T00:39:12.608428,True,False,5156,0,0,True,0,
138,the-essential-defense-services-ordinance-2021,"The Essential Defence Services Ordinance, 2021",Defence,Replaced by an Act,https://prsindia.org/billtrack/the-essential-defense-services-ordinance-2021,,2025-11-11T14:39:53.130022,2025-11-20T00:39:13.701963,True,False,4207,0,0,True,0,
139,the-model-tenancy-act-2021,"The Model Tenancy Act, 2021",Housing and Urban Affairs,Model Act,https://prsindia.org/billtrack/the-model-tenancy-act-2021,,2025-11-11T14:39:53.131063,2025-11-20T00:39:14.827746,True,False,25098,0,0,True,0,
140,the-homoeopathy-central-council-amendment-ordinance-2021,"The Homoeopathy Central Council (Amendment) Ordinance, 2021",Health,Replaced by an Act,https://prsindia.org/billtrack/the-homoeopathy-central-council-amendment-ordinance-2021,,2025-11-11T14:39:53.132096,2025-11-20T00:39:15.916062,True,False,1593,0,0,True,0,
141,the-indian-medicine-council-amendment-ordinance-2021,"The Indian Medicine Central Council (Amendment) Ordinance, 2021",Health and Family Welfare,Replaced by an Act,https://prsindia.org/billtrack/the-indian-medicine-council-amendment-ordinance-2021,,2025-11-11T14:39:53.133086,2025-11-20T00:39:17.011412,True,False,1430,0,0,True,0,
142,the-commission-for-air-quality-management-in-national-capital-region-and-adjoining-areas-ordinance-2021,"The Commission for Air Quality Management in National Capital Region and Adjoining Areas Ordinance, 2021","Environment, Forests and Climate Change",Replaced by an Act,https://prsindia.org/billtrack/the-commission-for-air-quality-management-in-national-capital-region-and-adjoining-areas-ordinance-2021,,2025-11-11T14:39:53.134318,2025-11-20T00:39:18.120658,True,False,4887,0,0,True,0,
143,the-insolvency-and-bankruptcy-code-amendment-ordinance-2021,"The Insolvency and Bankruptcy Code (Amendment) Ordinance, 2021",Finance,Replaced by an Act,https://prsindia.org/billtrack/the-insolvency-and-bankruptcy-code-amendment-ordinance-2021,,2025-11-11T14:39:53.136270,2025-11-20T00:39:19.209556,True,False,5352,0,0,True,0,
144,the-tribunals-reforms-rationalisation-and-conditions-of-service-ordinance-2021,"The Tribunals Reforms (Rationalisation and Conditions of Service) Ordinance, 2021",Law and Justice,Replaced by an Act,https://prsindia.org/billtrack/the-tribunals-reforms-rationalisation-and-conditions-of-service-ordinance-2021,,2025-11-11T14:39:53.137671,2025-11-20T00:39:20.317787,True,False,15034,0,0,True,0,
145,the-airports-economic-regulatory-authority-of-india-amendment-bill-2021,"The Airports Economic Regulatory Authority of India (Amendment) Bill, 2021",Civil Aviation,Passed,https://prsindia.org/billtrack/the-airports-economic-regulatory-authority-of-india-amendment-bill-2021,2021-03-24T00:00:00,2025-11-11T14:39:53.138841,2025-11-20T00:39:21.406609,True,False,1381,0,0,True,0,
146,the-national-bank-for-financing-infrastructure-and-development-bill-2021,"The National Bank for Financing Infrastructure and Development (NBFID) Bill, 2021","Finance, Corporate Affairs and Information & Broadcasting",Passed,https://prsindia.org/billtrack/the-national-bank-for-financing-infrastructure-and-development-bill-2021,2021-03-22T00:00:00,2025-11-11T14:39:53.139913,2025-11-20T00:39:22.496799,True,False,5171,0,0,True,0,
147,the-insurance-amendment-bill-2021,"The Insurance (Amendment) Bill, 2021",Corporate Affairs,Passed,https://prsindia.org/billtrack/the-insurance-amendment-bill-2021,2021-03-15T00:00:00,2025-11-11T14:39:53.140898,2025-11-20T00:39:23.585311,True,False,2220,0,0,True,0,
148,the-national-institute-of-pharmaceutical-education-and-research-amendment-bill-2021,"The National Institute of Pharmaceutical Education and Research (Amendment) Bill, 2021",Health and Family Welfare,Passed,https://prsindia.org/billtrack/the-national-institute-of-pharmaceutical-education-and-research-amendment-bill-2021,2021-03-15T00:00:00,2025-11-11T14:39:53.141906,2025-11-20T00:39:24.682733,True,False,4332,0,0,True,0,
149,the-government-of-national-capital-territory-of-delhi-amendment-bill-2021,"The Government of National Capital Territory of Delhi (Amendment) Bill, 2021",Home Affairs,Passed,https://prsindia.org/billtrack/the-government-of-national-capital-territory-of-delhi-amendment-bill-2021,2021-03-15T00:00:00,2025-11-11T14:39:53.142884,2025-11-20T00:39:25.772187,True,False,2993,0,0,True,0,
150,the-juvenile-justice-care-and-protection-of-children-amendment-bill-2021,"The Juvenile Justice (Care and Protection of Children) Amendment Bill, 2021",Law and Justice,Passed,https://prsindia.org/billtrack/the-juvenile-justice-care-and-protection-of-children-amendment-bill-2021,,2025-11-11T14:39:53.143919,2025-11-20T00:39:26.952113,True,False,23787,0,0,True,0,
151,the-marine-aids-to-navigation-bill-2021,"The Marine Aids To Navigation Bill, 2021",Shipping,Passed,https://prsindia.org/billtrack/the-marine-aids-to-navigation-bill-2021,2021-03-15T00:00:00,2025-11-11T14:39:53.144904,2025-11-20T00:39:28.061885,True,False,5334,0,0,True,0,
152,the-mines-and-minerals-development-and-regulation-amendment-bill-2021,"The Mines and Minerals (Development and Regulation) Amendment Bill, 2021",Mines,Passed,https://prsindia.org/billtrack/the-mines-and-minerals-development-and-regulation-amendment-bill-2021,2021-03-15T00:00:00,2025-11-11T14:39:53.146156,2025-11-20T00:39:29.164337,True,False,5279,0,0,True,0,
153,the-information-technology-intermediary-guidelines-and-digital-media-ethics-code-rules-2021,"The Information Technology (Intermediary Guidelines and Digital Media Ethics Code) Rules, 2021",Electronics and Information Technology,Rules,https://prsindia.org/billtrack/the-information-technology-intermediary-guidelines-and-digital-media-ethics-code-rules-2021,,2025-11-11T14:39:53.147299,2025-11-20T00:39:30.318750,True,False,31243,0,0,True,0,
154,the-tribunals-reforms-rationalisation-and-conditions-of-service-bill-2021,"The Tribunals Reforms (Rationalisation and Conditions of Service) Bill, 2021",Finance,Withdrawn,https://prsindia.org/billtrack/the-tribunals-reforms-rationalisation-and-conditions-of-service-bill-2021,2021-02-13T00:00:00,2025-11-11T14:39:53.148602,2025-11-20T00:39:31.422574,True,False,15034,0,0,True,0,
155,the-constitution-scheduled-castes-order-amendment-bill-2021,"The Constitution (Scheduled Castes) Order (Amendment) Bill, 2021",Social Justice and Empowerment,Passed,https://prsindia.org/billtrack/the-constitution-scheduled-castes-order-amendment-bill-2021,2021-02-13T00:00:00,2025-11-11T14:39:53.150100,2025-11-20T00:39:32.511528,True,False,2101,0,0,True,0,
156,the-national-capital-territory-of-delhi-laws-special-provisions-second-amendment-bill-2021,"The National Capital Territory of Delhi Laws (Special Provisions) Second (Amendment) Bill, 2021",Housing and Urban Poverty Alleviation,Passed,https://prsindia.org/billtrack/the-national-capital-territory-of-delhi-laws-special-provisions-second-amendment-bill-2021,2021-02-08T00:00:00,2025-11-11T14:39:53.152222,2025-11-20T00:39:33.599365,True,False,2726,0,0,True,0,
157,the-arbitration-and-conciliation-amendment-bill-2021,"The Arbitration and Conciliation (Amendment) Bill, 2021",Law and Justice,Passed,https://prsindia.org/billtrack/the-arbitration-and-conciliation-amendment-bill-2021,2021-02-04T00:00:00,2025-11-11T14:39:53.154073,2025-11-20T00:39:34.689815,True,False,2585,0,0,True,0,
158,the-jammu-and-kashmir-reorganisation-amendment-bill-2021,"The Jammu and Kashmir Reorganisation (Amendment) Bill, 2021",Home Affairs,Passed,https://prsindia.org/billtrack/the-jammu-and-kashmir-reorganisation-amendment-bill-2021,2021-02-04T00:00:00,2025-11-11T14:39:53.155424,2025-11-20T00:39:35.781292,True,False,1789,0,0,True,0,
159,the-jammu-and-kashmir-reorganisation-amendment-ordinance-2021,"The Jammu and Kashmir Reorganisation (Amendment) Ordinance, 2021",Home Affairs,Replaced by an Act,https://prsindia.org/billtrack/the-jammu-and-kashmir-reorganisation-amendment-ordinance-2021,,2025-11-11T14:39:53.156627,2025-11-20T00:39:36.876755,True,False,2345,0,0,True,0,
160,the-national-capital-territory-of-delhi-laws-special-provisions-second-amendment-ordinance-2020,"The National Capital Territory of Delhi Laws (Special Provisions) Second (Amendment) Ordinance, 2020",Housing and Urban Poverty Alleviation,Replaced by an Act,https://prsindia.org/billtrack/the-national-capital-territory-of-delhi-laws-special-provisions-second-amendment-ordinance-2020,,2025-11-11T14:39:53.157834,2025-11-20T00:39:37.965027,True,False,2581,0,0,True,0,
161,draft-rules-under-code-on-social-security-2020,"Draft Rules under Code on Social Security, 2020",Labour and Employment,Draft,https://prsindia.org/billtrack/draft-rules-under-code-on-social-security-2020,,2025-11-11T14:39:53.158888,2025-11-20T00:39:39.130091,True,False,27104,0,0,True,0,
162,the-arbitration-and-conciliation-amendment-ordinance-2020,"The Arbitration and Conciliation (Amendment) Ordinance, 2020",Law and Justice,Replaced by an Act,https://prsindia.org/billtrack/the-arbitration-and-conciliation-amendment-ordinance-2020,,2025-11-11T14:39:53.160542,2025-11-20T00:39:40.221031,True,False,2516,0,0,True,0,
163,the-commission-for-air-quality-management-in-national-capital-region-and-adjoining-areas-ordinance-2020,"The Commission for Air Quality Management in National Capital Region and Adjoining Areas Ordinance, 2020","Environment, Forests and Climate Change",Repromulgated,https://prsindia.org/billtrack/the-commission-for-air-quality-management-in-national-capital-region-and-adjoining-areas-ordinance-2020,,2025-11-11T14:39:53.162124,2025-11-20T00:39:41.311707,True,False,4831,0,0,True,0,
164,the-jammu-and-kashmir-official-languages-bill-2020,"The Jammu and Kashmir Official Languages Bill, 2020",Home Affairs,Passed,https://prsindia.org/billtrack/the-jammu-and-kashmir-official-languages-bill-2020,2020-09-22T00:00:00,2025-11-11T14:39:53.163710,2025-11-20T00:39:42.398930,True,False,1425,0,0,True,0,
165,overview-of-labour-law-reforms,Overview of Labour Law Reforms,Commerce and Industry,Draft,https://prsindia.org/billtrack/overview-of-labour-law-reforms,,2025-11-11T14:39:53.165079,2025-11-20T00:39:43.561747,True,False,47838,0,0,True,0,
166,the-foreign-contribution-regulation-amendment-bill-2020,"The Foreign Contribution (Regulation) Amendment Bill, 2020",Finance,Passed,https://prsindia.org/billtrack/the-foreign-contribution-regulation-amendment-bill-2020,2020-09-20T00:00:00,2025-11-11T14:39:53.166307,2025-11-20T00:39:44.654365,True,False,5776,0,0,True,0,
167,the-code-on-social-security-2020,"The Code On Social Security, 2020",Labour and Employment,Passed,https://prsindia.org/billtrack/the-code-on-social-security-2020,2020-09-19T00:00:00,2025-11-11T14:39:53.167394,2025-11-20T00:39:45.820628,True,False,63673,0,0,True,0,
168,the-occupational-safety-health-and-working-conditions-code-2020,"The Occupational Safety, Health And Working Conditions Code, 2020",Labour and Employment,Passed,https://prsindia.org/billtrack/the-occupational-safety-health-and-working-conditions-code-2020,2020-09-19T00:00:00,2025-11-11T14:39:53.168704,2025-11-20T00:39:46.983538,True,False,63673,0,0,True,0,
169,the-industrial-relations-code-2020,"The Industrial Relations Code, 2020",Labour and Employment,Passed,https://prsindia.org/billtrack/the-industrial-relations-code-2020,2020-09-19T00:00:00,2025-11-11T14:39:53.170713,2025-11-20T00:39:48.134806,True,False,63664,0,0,True,0,
170,the-taxation-and-other-laws-relaxation-and-amendment-of-certain-provisions-bill-2020,"The Taxation and Other Laws (Relaxation and Amendment of Certain Provisions) Bill, 2020",Finance,Passed,https://prsindia.org/billtrack/the-taxation-and-other-laws-relaxation-and-amendment-of-certain-provisions-bill-2020,2020-09-18T00:00:00,2025-11-11T14:39:53.172136,2025-11-20T00:39:49.222919,True,False,1158,0,0,True,0,
171,the-national-commission-for-allied-and-healthcare-professions-bill-2020,"The National Commission for Allied and Healthcare Professions Bill, 2020",Health and Family Welfare,Passed,https://prsindia.org/billtrack/the-national-commission-for-allied-and-healthcare-professions-bill-2020,2020-09-15T00:00:00,2025-11-11T14:39:53.173651,2025-11-20T00:39:50.336851,True,False,5356,0,0,True,0,
172,the-insolvency-and-bankruptcy-code-second-amendment-bill-2020,"The Insolvency and Bankruptcy Code (Second Amendment) Bill, 2020",Finance,Passed,https://prsindia.org/billtrack/the-insolvency-and-bankruptcy-code-second-amendment-bill-2020,2020-09-15T00:00:00,2025-11-11T14:39:53.174782,2025-11-20T00:39:51.428147,True,False,2805,0,0,True,0,
173,the-salary-allowances-and-pension-of-members-of-parliament-amendment-bill-2020,"The Salary, Allowances and Pension of Members of Parliament (Amendment) Bill, 2020",Parliamentary Affairs,Passed,https://prsindia.org/billtrack/the-salary-allowances-and-pension-of-members-of-parliament-amendment-bill-2020,2020-09-14T00:00:00,2025-11-11T14:39:53.175818,2025-11-20T00:39:52.539553,True,False,13845,0,0,True,0,
174,the-farmers-empowerment-and-protection-agreement-on-price-assurance-and-farm-services-bill-2020,"The Farmers (Empowerment and Protection) Agreement on Price Assurance and Farm Services Bill, 2020",Agriculture and Farmers Welfare,Passed,https://prsindia.org/billtrack/the-farmers-empowerment-and-protection-agreement-on-price-assurance-and-farm-services-bill-2020,2020-09-14T00:00:00,2025-11-11T14:39:53.176828,2025-11-20T00:39:53.639865,True,False,16977,0,0,True,0,
175,the-farmers-produce-trade-and-commerce-promotion-and-facilitation-bill-2020,"The Farmers' Produce Trade and Commerce (Promotion and Facilitation) Bill, 2020",Agriculture and Farmers Welfare,Passed,https://prsindia.org/billtrack/the-farmers-produce-trade-and-commerce-promotion-and-facilitation-bill-2020,2020-09-14T00:00:00,2025-11-11T14:39:53.177923,2025-11-20T00:39:54.741237,True,False,16959,0,0,True,0,
176,the-salaries-and-allowances-of-ministers-amendment-bill-2020,"The Salaries and Allowances of Ministers (Amendment) Bill, 2020",Parliamentary Affairs,Passed,https://prsindia.org/billtrack/the-salaries-and-allowances-of-ministers-amendment-bill-2020,2020-09-14T00:00:00,2025-11-11T14:39:53.178929,2025-11-20T00:39:55.944072,True,False,13811,0,0,True,0,
177,the-homoeopathy-central-council-amendment-bill-2020,"The Homoeopathy Central Council (Amendment) Bill, 2020",Health,Passed,https://prsindia.org/billtrack/the-homoeopathy-central-council-amendment-bill-2020,2020-09-14T00:00:00,2025-11-11T14:39:53.179916,2025-11-20T00:39:57.031454,True,False,1642,0,0,True,0,
178,the-indian-medicine-central-council-amendment-bill-2020,"The Indian Medicine Central Council (Amendment) Bill, 2020",Health,Passed,https://prsindia.org/billtrack/the-indian-medicine-central-council-amendment-bill-2020,2020-09-14T00:00:00,2025-11-11T14:39:53.180896,2025-11-20T00:39:58.123360,True,False,2300,0,0,True,0,
179,the-epidemic-diseases-amendment-bill-2020,"The Epidemic Diseases (Amendment) Bill, 2020",Health,Passed,https://prsindia.org/billtrack/the-epidemic-diseases-amendment-bill-2020,2020-09-14T00:00:00,2025-11-11T14:39:53.182295,2025-11-20T00:39:59.214872,True,False,4718,0,0,True,0,
180,the-essential-commodities-amendment-bill-2020,"The Essential Commodities (Amendment) Bill, 2020",Consumer Affairs and Food Distribution,Passed,https://prsindia.org/billtrack/the-essential-commodities-amendment-bill-2020,2020-09-14T00:00:00,2025-11-11T14:39:53.184821,2025-11-20T00:40:00.312346,True,False,16927,0,0,True,0,
181,the-bilateral-netting-of-qualified-financial-contracts-bill-2020,"The Bilateral Netting of Qualified Financial Contracts Bill, 2020",Finance,Passed,https://prsindia.org/billtrack/the-bilateral-netting-of-qualified-financial-contracts-bill-2020,2020-09-14T00:00:00,2025-11-11T14:39:53.186875,2025-11-20T00:40:01.415455,True,False,5164,0,0,True,0,
182,the-banking-regulation-amendment-bill-2020-1054,"The Banking Regulation (Amendment) Bill, 2020",Finance,Passed,https://prsindia.org/billtrack/the-banking-regulation-amendment-bill-2020-1054,2020-09-14T00:00:00,2025-11-11T14:39:53.188315,2025-11-20T00:40:02.528635,True,False,18511,0,0,True,0,
183,the-assisted-reproductive-technology-regulation-bill-2020,"The Assisted Reproductive Technology (Regulation) Bill, 2020",Health and Family Welfare,Passed,https://prsindia.org/billtrack/the-assisted-reproductive-technology-regulation-bill-2020,2020-09-14T00:00:00,2025-11-11T14:39:53.189452,2025-11-20T00:40:03.623033,True,False,5426,0,0,True,0,
184,the-factoring-regulation-amendment-bill-2020,"The Factoring Regulation (Amendment) Bill, 2020",Finance,Passed,https://prsindia.org/billtrack/the-factoring-regulation-amendment-bill-2020,2020-09-14T00:00:00,2025-11-11T14:39:53.190545,2025-11-20T00:40:04.713906,True,False,4706,0,0,True,0,
185,the-banking-regulation-amendment-ordinance-2020,"The Banking Regulation (Amendment) Ordinance, 2020",Finance,Replaced by an Act,https://prsindia.org/billtrack/the-banking-regulation-amendment-ordinance-2020,,2025-11-11T14:39:53.191555,2025-11-20T00:40:05.804197,True,False,5434,0,0,True,0,
186,the-essential-commodities-amendment-ordinance-2020,"The Essential Commodities (Amendment) Ordinance, 2020",Consumer Affairs and Food Distribution,Replaced by an Act,https://prsindia.org/billtrack/the-essential-commodities-amendment-ordinance-2020,,2025-11-11T14:39:53.192635,2025-11-20T00:40:06.893377,True,False,3211,0,0,True,0,
187,the-farmers-produce-trade-and-commerce-promotion-and-facilitation-ordinance-2020,"The Farmers' Produce Trade and Commerce (Promotion and Facilitation) Ordinance, 2020",Agriculture and Farmers Welfare,Replaced by an Act,https://prsindia.org/billtrack/the-farmers-produce-trade-and-commerce-promotion-and-facilitation-ordinance-2020,,2025-11-11T14:39:53.193958,2025-11-20T00:40:07.987493,True,False,5329,0,0,True,0,
188,the-farmers-empowerment-and-protection-agreement-on-price-assurance-and-farm-services-ordinance-2020,"The Farmers (Empowerment and Protection) Agreement on Price Assurance and Farm Services Ordinance, 2020",Agriculture and Farmers Welfare,Replaced by an Act,https://prsindia.org/billtrack/the-farmers-empowerment-and-protection-agreement-on-price-assurance-and-farm-services-ordinance-2020,,2025-11-11T14:39:53.195553,2025-11-20T00:40:09.077033,True,False,5207,0,0,True,0,
189,the-insolvency-and-bankruptcy-code-amendment-ordinance-2020,"The Insolvency and Bankruptcy Code (Amendment) Ordinance, 2020",Finance,Replaced by an Act,https://prsindia.org/billtrack/the-insolvency-and-bankruptcy-code-amendment-ordinance-2020,,2025-11-11T14:39:53.197201,2025-11-20T00:40:10.171334,True,False,9257,0,0,True,0,
190,the-homoeopathy-central-council-amendment-ordinance-2020,"The Homoeopathy Central Council (Amendment) Ordinance, 2020",Health,Replaced by an Act,https://prsindia.org/billtrack/the-homoeopathy-central-council-amendment-ordinance-2020,,2025-11-11T14:39:53.199116,2025-11-20T00:40:11.258893,True,False,1511,0,0,True,0,
191,the-indian-medicine-central-council-amendment-ordinance-2020,"The Indian Medicine Central Council (Amendment) Ordinance, 2020",Health,Replaced by an Act,https://prsindia.org/billtrack/the-indian-medicine-central-council-amendment-ordinance-2020,,2025-11-11T14:39:53.200526,2025-11-20T00:40:12.364150,True,False,2131,0,0,True,0,
192,the-epidemic-diseases-amendment-ordinance-2020,"The Epidemic Diseases (Amendment) Ordinance, 2020",Health,Replaced by an Act,https://prsindia.org/billtrack/the-epidemic-diseases-amendment-ordinance-2020,,2025-11-11T14:39:53.201688,2025-11-20T00:40:13.469413,True,False,4725,0,0,True,0,
193,the-salaries-and-allowances-of-ministers-amendment-ordinance-2020,"The Salaries and Allowances of Ministers (Amendment) Ordinance, 2020",Parliamentary Affairs,Replaced by an Act,https://prsindia.org/billtrack/the-salaries-and-allowances-of-ministers-amendment-ordinance-2020,,2025-11-11T14:39:53.204182,2025-11-20T00:40:14.600455,True,False,13591,0,0,True,0,
194,the-salary-allowances-and-pension-of-members-of-parliament-amendment-ordinance-2020,"The Salary, Allowances and Pension of Members of Parliament (Amendment) Ordinance, 2020",Parliamentary Affairs,Replaced by an Act,https://prsindia.org/billtrack/the-salary-allowances-and-pension-of-members-of-parliament-amendment-ordinance-2020,,2025-11-11T14:39:53.205561,2025-11-20T00:40:15.707772,True,False,13591,0,0,True,0,
195,the-taxation-and-other-laws-relaxation-of-certain-provisions-ordinance-2020,"The Taxation and other Laws (Relaxation of Certain Provisions) Ordinance, 2020",Finance,Replaced by an Act,https://prsindia.org/billtrack/the-taxation-and-other-laws-relaxation-of-certain-provisions-ordinance-2020,,2025-11-11T14:39:53.207230,2025-11-20T00:40:16.799611,True,False,5189,0,0,True,0,
196,the-pesticide-management-bill-2020,"The Pesticide Management Bill, 2020",Agriculture and Farmers Welfare,Pending,https://prsindia.org/billtrack/the-pesticide-management-bill-2020,2020-03-23T00:00:00,2025-11-11T14:39:53.209284,2025-11-20T00:40:17.889060,True,False,5918,0,0,True,0,
197,the-national-forensic-sciences-university-bill-2020,"The National Forensic Sciences University Bill, 2020",Home Affairs,Passed,https://prsindia.org/billtrack/the-national-forensic-sciences-university-bill-2020,2020-03-23T00:00:00,2025-11-11T14:39:53.210731,2025-11-20T00:40:18.978242,True,False,4625,0,0,True,0,
198,the-rashtriya-raksha-university-bill-2020,"The Rashtriya Raksha University Bill, 2020",Home Affairs,Passed,https://prsindia.org/billtrack/the-rashtriya-raksha-university-bill-2020,2020-03-23T00:00:00,2025-11-11T14:39:53.212022,2025-11-20T00:40:20.073458,True,False,4346,0,0,True,0,
199,the-companies-amendment-bill-2020,"The Companies (Amendment) Bill, 2020",Finance,Passed,https://prsindia.org/billtrack/the-companies-amendment-bill-2020,2020-03-17T00:00:00,2025-11-11T14:39:53.213796,2025-11-20T00:40:21.164962,True,False,5644,0,0,True,0,
200,the-major-port-authorities-bill-2020,"The Major Port Authorities Bill, 2020",Shipping,Passed,https://prsindia.org/billtrack/the-major-port-authorities-bill-2020,2020-03-12T00:00:00,2025-11-11T14:39:53.214786,2025-11-20T00:40:22.254485,True,False,5497,0,0,True,0,
201,the-indian-institutes-of-information-technology-laws-amendment-bill-2020,"The Indian Institutes of Information Technology Laws (Amendment) Bill, 2020",Human Resource Development,Passed,https://prsindia.org/billtrack/the-indian-institutes-of-information-technology-laws-amendment-bill-2020,2020-03-04T00:00:00,2025-11-13T08:26:19.797775,2025-11-20T00:40:23.429304,True,False,1835,0,0,True,0,
202,the-banking-regulation-amendment-bill-2020,"The Banking Regulation (Amendment) Bill, 2020",Finance,Withdrawn,https://prsindia.org/billtrack/the-banking-regulation-amendment-bill-2020,2020-03-03T00:00:00,2025-11-13T08:26:19.798794,2025-11-20T00:40:24.531970,True,False,4440,0,0,True,0,
203,the-mineral-laws-amendment-bill-2020,"The Mineral Laws (Amendment) Bill, 2020",Mines,Passed,https://prsindia.org/billtrack/the-mineral-laws-amendment-bill-2020,2020-03-02T00:00:00,2025-11-13T08:26:19.799443,2025-11-20T00:40:25.620510,True,False,5281,0,0,True,0,
204,the-medical-termination-of-pregnancy-amendment-bill-2020,"The Medical Termination of Pregnancy (Amendment) Bill, 2020",Health and Family Welfare,Passed,https://prsindia.org/billtrack/the-medical-termination-of-pregnancy-amendment-bill-2020,2020-03-02T00:00:00,2025-11-13T08:26:19.800022,2025-11-20T00:40:26.720358,True,False,14996,0,0,True,0,
205,the-institute-of-teaching-and-research-in-ayurveda-bill-2020,"The Institute of Teaching and Research in Ayurveda Bill, 2020",AYUSH,Passed,https://prsindia.org/billtrack/the-institute-of-teaching-and-research-in-ayurveda-bill-2020,2020-02-10T00:00:00,2025-11-13T08:26:19.800498,2025-11-20T00:40:27.808770,True,False,3545,0,0,True,0,
206,the-direct-tax-vivad-se-vishwas-bill-2020,"The Direct Tax Vivad se Vishwas Bill, 2020",Finance,Passed,https://prsindia.org/billtrack/the-direct-tax-vivad-se-vishwas-bill-2020,2020-02-05T00:00:00,2025-11-13T08:26:19.800990,2025-11-20T00:40:28.899137,True,False,4715,0,0,True,0,
207,the-aircraft-amendment-bill-2020,"The Aircraft (Amendment) Bill, 2020",Civil Aviation,Passed,https://prsindia.org/billtrack/the-aircraft-amendment-bill-2020,2020-02-04T00:00:00,2025-11-13T08:26:19.801462,2025-11-20T00:40:29.986023,True,False,4955,0,0,True,0,
208,the-mineral-laws-amendment-ordinance-2020,"The Mineral Laws (Amendment) Ordinance, 2020",Mines,Replaced by an Act,https://prsindia.org/billtrack/the-mineral-laws-amendment-ordinance-2020,,2025-11-13T08:26:19.801929,2025-11-20T00:40:31.074348,True,False,5309,0,0,True,0,
209,the-insolvency-and-bankruptcy-code-amendment-ordinance-2019,"The Insolvency and Bankruptcy Code (Amendment) Ordinance, 2019",Finance,Negatived,https://prsindia.org/billtrack/the-insolvency-and-bankruptcy-code-amendment-ordinance-2019,,2025-11-13T08:26:19.802404,2025-11-20T00:40:32.172723,True,False,17396,0,0,True,0,
210,the-insolvency-and-bankruptcy-code-second-amendment-bill-2019,"The Insolvency and Bankruptcy Code (Second Amendment) Bill, 2019",Finance,Passed,https://prsindia.org/billtrack/the-insolvency-and-bankruptcy-code-second-amendment-bill-2019,2019-12-12T00:00:00,2025-11-13T08:26:19.802948,2025-11-20T00:40:33.275419,True,False,17728,0,0,True,0,
211,the-central-sanskrit-universities-bill-2019,"The Central Sanskrit Universities Bill, 2019",Human Resource Development,Passed,https://prsindia.org/billtrack/the-central-sanskrit-universities-bill-2019,2019-12-11T00:00:00,2025-11-13T08:26:19.803971,2025-11-20T00:40:34.380179,True,False,4950,0,0,True,0,
212,the-code-on-social-security-2019,"The Code on Social Security, 2019",Labour and Employment,Withdrawn,https://prsindia.org/billtrack/the-code-on-social-security-2019,2019-12-11T00:00:00,2025-11-13T08:26:19.804504,2025-11-20T00:40:35.525729,True,False,31801,0,0,True,0,
213,the-maintenance-and-welfare-of-parents-and-senior-citizens-amendment-bill-2019,"The Maintenance and Welfare of Parents and Senior Citizens (Amendment) Bill, 2019",Social Justice and Empowerment,Lapsed,https://prsindia.org/billtrack/the-maintenance-and-welfare-of-parents-and-senior-citizens-amendment-bill-2019,2019-12-11T00:00:00,2025-11-13T08:26:19.804961,2025-11-20T00:40:36.624580,True,False,13481,0,0,True,0,
214,the-personal-data-protection-bill-2019,"The Personal Data Protection Bill, 2019",Law and Justice,Withdrawn,https://prsindia.org/billtrack/the-personal-data-protection-bill-2019,2019-12-11T00:00:00,2025-11-13T08:26:19.805418,2025-11-20T00:40:37.715155,True,False,6156,0,0,True,0,
215,the-constitution-one-hundred-and-twenty-sixth-amendment-bill-2019,"The Constitution (One Hundred and Twenty-Sixth Amendment) Bill, 2019",Law and Justice,Passed,https://prsindia.org/billtrack/the-constitution-one-hundred-and-twenty-sixth-amendment-bill-2019,2019-12-09T00:00:00,2025-11-13T08:26:19.806871,2025-11-20T00:40:38.797295,True,False,1337,0,0,True,0,
216,the-citizenship-amendment-bill-2019,"The Citizenship (Amendment) Bill, 2019",Home Affairs,Passed,https://prsindia.org/billtrack/the-citizenship-amendment-bill-2019,2019-12-09T00:00:00,2025-11-13T08:26:19.807375,2025-11-20T00:40:39.903516,True,False,15729,0,0,True,0,
217,the-anti-maritime-piracy-bill-2019,"The Anti-Maritime Piracy Bill, 2019",External Affairs,Passed,https://prsindia.org/billtrack/the-anti-maritime-piracy-bill-2019,2019-12-09T00:00:00,2025-11-13T08:26:19.808337,2025-11-20T00:40:41.025427,True,False,16537,0,0,True,0,
218,the-arms-amendment-bill-2019,"The Arms (Amendment) Bill, 2019",Home Affairs,Passed,https://prsindia.org/billtrack/the-arms-amendment-bill-2019,2019-11-29T00:00:00,2025-11-13T08:26:19.808936,2025-11-20T00:40:42.111380,True,False,5600,0,0,True,0,
219,the-industrial-relations-code-2019,"The Industrial Relations Code, 2019",Labour and Employment,Withdrawn,https://prsindia.org/billtrack/the-industrial-relations-code-2019,2019-11-28T00:00:00,2025-11-13T08:26:19.809444,2025-11-20T00:40:43.246480,True,False,29671,0,0,True,0,
220,the-dadra-and-nagar-haveli-and-daman-and-diu-merger-of-union-territories-bill-2019,"The Dadra and Nagar Haveli and Daman and Diu (Merger of Union Territories) Bill, 2019",Home Affairs,Passed,https://prsindia.org/billtrack/the-dadra-and-nagar-haveli-and-daman-and-diu-merger-of-union-territories-bill-2019,2019-11-26T00:00:00,2025-11-13T08:26:19.809894,2025-11-20T00:40:44.339417,True,False,2991,0,0,True,0,
221,the-national-capital-territory-of-delhi-recognition-of-property-rights-of-residents-in-unauthorised-colonies-bill-2019,"The National Capital Territory of Delhi (Recognition of Property Rights of Residents in Unauthorised Colonies) Bill, 2019",Housing and Urban Poverty Alleviation,Passed,https://prsindia.org/billtrack/the-national-capital-territory-of-delhi-recognition-of-property-rights-of-residents-in-unauthorised-colonies-bill-2019,2019-11-26T00:00:00,2025-11-13T08:26:19.810338,2025-11-20T00:40:45.443471,True,False,2765,0,0,True,0,
222,the-special-protection-group-amendment-bill-2019,"The Special Protection Group (Amendment) Bill, 2019",Home Affairs,Passed,https://prsindia.org/billtrack/the-special-protection-group-amendment-bill-2019,2019-11-25T00:00:00,2025-11-13T08:26:19.810773,2025-11-20T00:40:46.555130,True,False,2391,0,0,True,0,
223,the-international-financial-services-centres-authority-bill-2019-1005,"The International Financial Services Centres Authority Bill, 2019","Finance, Corporate Affairs and Information & Broadcasting",Passed,https://prsindia.org/billtrack/the-international-financial-services-centres-authority-bill-2019-1005,2019-11-25T00:00:00,2025-11-13T08:26:19.811212,2025-11-20T00:40:47.642125,True,False,4287,0,0,True,0,
224,the-taxation-laws-amendment-bill-2019,"The Taxation Laws (Amendment) Bill, 2019",Finance,Passed,https://prsindia.org/billtrack/the-taxation-laws-amendment-bill-2019,2019-11-25T00:00:00,2025-11-13T08:26:19.811680,2025-11-20T00:40:48.756160,True,False,17889,0,0,True,0,
225,the-recycling-of-ships-bill-2019,"The Recycling of Ships Bill, 2019",Chemicals and Fertilizers,Passed,https://prsindia.org/billtrack/the-recycling-of-ships-bill-2019,2019-11-25T00:00:00,2025-11-13T08:26:19.812125,2025-11-20T00:40:49.845118,True,False,5464,0,0,True,0,
226,the-prohibition-of-electronic-cigarettes-production-manufacture-import-export-transport-sale-distribution-storage-and-advertisement-bill-2019,"The Prohibition of Electronic Cigarettes (Production, Manufacture, Import, Export, Transport, Sale, Distribution, Storage and Advertisement) Bill, 2019",Health and Family Welfare,Passed,https://prsindia.org/billtrack/the-prohibition-of-electronic-cigarettes-production-manufacture-import-export-transport-sale-distribution-storage-and-advertisement-bill-2019,2019-11-22T00:00:00,2025-11-13T08:26:19.812552,2025-11-20T00:40:50.941376,True,False,3057,0,0,True,0,
227,the-taxation-laws-amendment-ordinance-2019,"The Taxation Laws (Amendment) Ordinance, 2019",Finance,Replaced by an Act,https://prsindia.org/billtrack/the-taxation-laws-amendment-ordinance-2019,,2025-11-13T08:26:19.813020,2025-11-20T00:40:52.057697,True,False,17569,0,0,True,0,
228,the-prohibition-of-electronic-cigarettes-production-manufacture-import-export-transport-sale-distribution-storage-and-advertisement-ordinance-2019,"The Prohibition of Electronic Cigarettes (Production, Manufacture, Import, Export, Transport, Sale, Distribution, Storage and Advertisement) Ordinance, 2019",Law and Justice,Replaced by an Act,https://prsindia.org/billtrack/the-prohibition-of-electronic-cigarettes-production-manufacture-import-export-transport-sale-distribution-storage-and-advertisement-ordinance-2019,,2025-11-13T08:26:19.813469,2025-11-20T00:40:53.169626,True,False,17692,0,0,True,0,
229,draft-river-basin-management-bill-2018,"Draft River Basin Management Bill, 2018",Water Resources,Draft,https://prsindia.org/billtrack/draft-river-basin-management-bill-2018,,2025-11-13T08:26:19.813902,2025-11-20T00:40:54.254226,True,False,913,0,0,True,0,
230,draft-sports-broadcasting-signals-mandatory-sharing-with-prasar-bharati-amendment-bill-2018,"Draft Sports Broadcasting Signals (Mandatory Sharing with Prasar Bharati) (Amendment) Bill, 2018",Unknown,Draft,https://prsindia.org/billtrack/draft-sports-broadcasting-signals-mandatory-sharing-with-prasar-bharati-amendment-bill-2018,,2025-11-13T08:26:19.814446,2025-11-13T08:26:19.814448,True,False,1007,0,0,True,0,
231,draft-the-cape-town-convention-bill-2018,"Draft The Cape Town Convention Bill, 2018",Unknown,Draft,https://prsindia.org/billtrack/draft-the-cape-town-convention-bill-2018,,2025-11-13T08:26:19.814937,2025-11-13T08:26:19.814939,True,False,891,0,0,True,0,
232,the-jammu-and-kashmir-reservation-second-amendment-bill-2019,"The Jammu and Kashmir Reservation (Second Amendment) Bill, 2019",Law and Justice,Withdrawn,https://prsindia.org/billtrack/the-jammu-and-kashmir-reservation-second-amendment-bill-2019,2019-08-05T00:00:00,2025-11-13T08:26:19.815368,2025-11-20T00:40:57.543283,True,False,1874,0,0,True,0,
233,the-supreme-court-number-of-judges-amendment-bill-2019,"The Supreme Court (Number of Judges) Amendment Bill, 2019",Law and Justice,Passed,https://prsindia.org/billtrack/the-supreme-court-number-of-judges-amendment-bill-2019,2019-08-05T00:00:00,2025-11-13T08:26:19.815823,2025-11-20T00:40:58.630481,True,False,1028,0,0,True,0,
234,the-jammu-and-kashmir-reorganisation-bill-2019,"The Jammu and Kashmir Reorganisation Bill, 2019",Home Affairs,Passed,https://prsindia.org/billtrack/the-jammu-and-kashmir-reorganisation-bill-2019,2019-08-05T00:00:00,2025-11-13T08:26:19.816257,2025-11-20T00:41:00.017100,True,False,4796,0,0,True,0,
235,the-chit-funds-amendment-bill-2019,"The Chit Funds (Amendment) Bill, 2019",Finance,Passed,https://prsindia.org/billtrack/the-chit-funds-amendment-bill-2019,2019-08-05T00:00:00,2025-11-13T08:26:19.816679,2025-11-20T00:41:01.104063,True,False,3221,0,0,True,0,
236,the-national-institute-of-design-amendment-bill-2019,"The National Institute of Design (Amendment) Bill, 2019",Commerce and Industry,Passed,https://prsindia.org/billtrack/the-national-institute-of-design-amendment-bill-2019,2019-07-30T00:00:00,2025-11-13T08:26:19.817115,2025-11-20T00:41:02.190480,True,False,1406,0,0,True,0,
237,the-dam-safety-bill-2019,"The Dam Safety Bill, 2019",Water Resources,Passed,https://prsindia.org/billtrack/the-dam-safety-bill-2019,2019-07-29T00:00:00,2025-11-13T08:26:19.817553,2025-11-20T00:41:03.297342,True,False,16302,0,0,True,0,
238,the-repealing-and-amending-bill-2019,"The Repealing and Amending Bill, 2019",Law and Justice,Passed,https://prsindia.org/billtrack/the-repealing-and-amending-bill-2019,2019-07-25T00:00:00,2025-11-13T08:26:19.817984,2025-11-20T00:41:04.450356,True,False,1320,0,0,True,0,
239,the-inter-state-river-water-disputes-amendment-bill-2019,"The Inter-State River Water Disputes (Amendment) Bill, 2019",Water Resources,Lapsed,https://prsindia.org/billtrack/the-inter-state-river-water-disputes-amendment-bill-2019,2019-07-25T00:00:00,2025-11-13T08:26:19.818408,2025-11-20T00:41:05.539322,True,False,4629,0,0,True,0,
240,the-companies-amendment-bill-2019,"The Companies (Amendment) Bill, 2019",Corporate Affairs,Passed,https://prsindia.org/billtrack/the-companies-amendment-bill-2019,2019-07-25T00:00:00,2025-11-13T08:26:19.818877,2025-11-20T00:41:06.629961,True,False,5179,0,0,True,0,
241,the-insolvency-and-bankruptcy-code-amendment-bill-2019,"The Insolvency and Bankruptcy Code (Amendment) Bill, 2019",Finance,Passed,https://prsindia.org/billtrack/the-insolvency-and-bankruptcy-code-amendment-bill-2019,2019-07-24T00:00:00,2025-11-13T08:26:19.819354,2025-11-20T00:41:07.726022,True,False,5150,0,0,True,0,
242,the-code-on-wages-2019,"The Code on Wages, 2019",Labour and Employment,Passed,https://prsindia.org/billtrack/the-code-on-wages-2019,2019-07-23T00:00:00,2025-11-13T08:26:19.820102,2025-11-20T00:41:08.816929,True,False,5195,0,0,True,0,
243,the-occupational-safety-health-and-working-conditions-code-2019,"The Occupational Safety, Health and Working Conditions Code, 2019",Labour and Employment,Withdrawn,https://prsindia.org/billtrack/the-occupational-safety-health-and-working-conditions-code-2019,2019-07-23T00:00:00,2025-11-13T08:26:19.820944,2025-11-20T00:41:09.983562,True,False,29878,0,0,True,0,
244,the-national-medical-commission-bill-2019,"The National Medical Commission Bill, 2019",Health and Family Welfare,Passed,https://prsindia.org/billtrack/the-national-medical-commission-bill-2019,2019-07-22T00:00:00,2025-11-13T08:26:19.821481,2025-11-20T00:41:11.080188,True,False,5468,0,0,True,0,
245,the-right-to-information-amendment-bill-2019,"The Right to Information (Amendment) Bill, 2019","Personnel, Grievances and Pensions",Passed,https://prsindia.org/billtrack/the-right-to-information-amendment-bill-2019,2019-07-19T00:00:00,2025-11-13T08:26:19.822050,2025-11-20T00:41:12.173401,True,False,2563,0,0,True,0,
246,the-banning-of-unregulated-deposit-schemes-bill-2019,"The Banning of Unregulated Deposit Schemes Bill, 2019",Corporate Affairs,Passed,https://prsindia.org/billtrack/the-banning-of-unregulated-deposit-schemes-bill-2019,2019-07-19T00:00:00,2025-11-13T08:26:19.822488,2025-11-20T00:41:13.259226,True,False,5919,0,0,True,0,
247,the-transgender-persons-protection-of-rights-bill-2019,"The Transgender Persons (Protection of Rights) Bill, 2019",Social Justice and Welfare,Passed,https://prsindia.org/billtrack/the-transgender-persons-protection-of-rights-bill-2019,2019-07-19T00:00:00,2025-11-13T08:26:19.822956,2025-11-20T00:41:14.351299,True,False,4932,0,0,True,0,
248,the-protection-of-children-from-sexual-offences-amendment-bill-2019-979,"The Protection of Children from Sexual Offences (Amendment) Bill, 2019",Women and Child Development,Passed,https://prsindia.org/billtrack/the-protection-of-children-from-sexual-offences-amendment-bill-2019-979,2019-07-18T00:00:00,2025-11-13T08:26:19.823387,2025-11-20T00:41:15.442008,True,False,5636,0,0,True,0,
249,the-motor-vehicles-amendment-bill-2019,"The Motor Vehicles (Amendment) Bill, 2019",Road Transport and Highways,Passed,https://prsindia.org/billtrack/the-motor-vehicles-amendment-bill-2019,2019-07-15T00:00:00,2025-11-13T08:26:19.823836,2025-11-20T00:41:16.544572,True,False,5104,0,0,True,0,
250,the-arbitration-and-conciliation-amendment-bill-2019,"The Arbitration and Conciliation (Amendment) Bill, 2019",Law and Justice,Passed,https://prsindia.org/billtrack/the-arbitration-and-conciliation-amendment-bill-2019,2019-07-15T00:00:00,2025-11-13T08:26:19.824260,2025-11-20T00:41:17.633953,True,False,4123,0,0,True,0,
251,the-surrogacy-regulation-bill-2019,"The Surrogacy (Regulation) Bill, 2019",Health and Family Welfare,Passed,https://prsindia.org/billtrack/the-surrogacy-regulation-bill-2019,2019-07-15T00:00:00,2025-11-13T08:26:19.824678,2025-11-20T00:41:18.736846,True,False,5507,0,0,True,0,
252,the-airports-economic-regulatory-authority-of-india-amendment-bill-2019,"The Airports Economic Regulatory Authority of India (Amendment) Bill, 2019",Civil Aviation,Passed,https://prsindia.org/billtrack/the-airports-economic-regulatory-authority-of-india-amendment-bill-2019,2019-07-12T00:00:00,2025-11-13T08:26:19.825149,2025-11-20T00:41:19.828069,True,False,2503,0,0,True,0,
253,the-public-premises-eviction-of-unauthorised-occupants-amendment-bill-2019,"The Public Premises (Eviction of Unauthorised Occupants) Amendment Bill, 2019",Housing and Urban Affairs,Passed,https://prsindia.org/billtrack/the-public-premises-eviction-of-unauthorised-occupants-amendment-bill-2019,2019-07-08T00:00:00,2025-11-13T08:26:19.825607,2025-11-20T00:41:21.215009,True,False,2663,0,0,True,0,
254,the-unlawful-activities-prevention-amendment-bill-2019,"The Unlawful Activities (Prevention) Amendment Bill, 2019",Home Affairs,Passed,https://prsindia.org/billtrack/the-unlawful-activities-prevention-amendment-bill-2019,2019-07-08T00:00:00,2025-11-13T08:26:19.826052,2025-11-20T00:41:22.304780,True,False,2498,0,0,True,0,
255,the-consumer-protection-bill-2019,"The Consumer Protection Bill, 2019",Unknown,Passed,https://prsindia.org/billtrack/the-consumer-protection-bill-2019,2019-07-08T00:00:00,2025-11-13T08:26:19.826469,2025-11-20T00:41:23.394658,True,False,4921,0,0,True,0,
256,the-jallianwala-bagh-national-memorial-amendment-bill-2019,"The Jallianwala Bagh National Memorial (Amendment) Bill, 2019",Culture,Passed,https://prsindia.org/billtrack/the-jallianwala-bagh-national-memorial-amendment-bill-2019,2019-07-08T00:00:00,2025-11-13T08:26:19.826895,2025-11-20T00:41:24.496325,True,False,2024,0,0,True,0,
257,the-protection-of-human-rights-amendment-bill-2019,"The Protection of Human Rights (Amendment) Bill, 2019",Home Affairs,Passed,https://prsindia.org/billtrack/the-protection-of-human-rights-amendment-bill-2019,2019-07-08T00:00:00,2025-11-13T08:26:19.827309,2025-11-20T00:41:25.590033,True,False,3212,0,0,True,0,
258,the-national-investigation-agency-amendment-bill-2019,"The National Investigation Agency (Amendment) Bill, 2019",Home Affairs,Passed,https://prsindia.org/billtrack/the-national-investigation-agency-amendment-bill-2019,2019-07-08T00:00:00,2025-11-13T08:26:19.827743,2025-11-20T00:41:26.681312,True,False,2968,0,0,True,0,
259,the-central-universities-amendment-bill-2019,"The Central Universities (Amendment) Bill, 2019",Human Resource Development,Passed,https://prsindia.org/billtrack/the-central-universities-amendment-bill-2019,2019-07-08T00:00:00,2025-11-13T08:26:19.828159,2025-11-20T00:41:27.768922,True,False,1498,0,0,True,0,
260,the-dna-technology-use-and-application-regulation-bill-2019,"The DNA Technology (Use and Application) Regulation Bill, 2019",Science and Technology and Earth Sciences,Withdrawn,https://prsindia.org/billtrack/the-dna-technology-use-and-application-regulation-bill-2019,2019-07-08T00:00:00,2025-11-13T08:26:19.828603,2025-11-20T00:41:28.857914,True,False,5236,0,0,True,0,
261,the-new-delhi-international-arbitration-centre-bill-2019,"The New Delhi International Arbitration Centre Bill, 2019",Law and Justice,Passed,https://prsindia.org/billtrack/the-new-delhi-international-arbitration-centre-bill-2019,2019-07-03T00:00:00,2025-11-13T08:26:19.829052,2025-11-20T00:41:29.961342,True,False,3914,0,0,True,0,
262,the-central-educational-institutions-reservation-in-teachers-cadre-bill-2019,"The Central Educational Institutions (Reservation in Teachers' Cadre) Bill, 2019",Human Resource Development,Passed,https://prsindia.org/billtrack/the-central-educational-institutions-reservation-in-teachers-cadre-bill-2019,2019-06-27T00:00:00,2025-11-13T08:26:19.829477,2025-11-20T00:41:31.061028,True,False,2251,0,0,True,0,
263,the-indian-medical-council-amendment-bill-2019,"The Indian Medical Council (Amendment) Bill, 2019",Health and Family Welfare,Passed,https://prsindia.org/billtrack/the-indian-medical-council-amendment-bill-2019,2019-06-27T00:00:00,2025-11-13T08:26:19.829930,2025-11-20T00:41:32.152610,True,False,2049,0,0,True,0,
264,the-dentists-amendment-bill-2019,"The Dentists (Amendment) Bill, 2019",Health and Family Welfare,Passed,https://prsindia.org/billtrack/the-dentists-amendment-bill-2019,2019-06-27T00:00:00,2025-11-13T08:26:19.830352,2025-11-20T00:41:33.247228,True,False,1723,0,0,True,0,
265,the-special-economic-zones-amendment-bill-2019,"The Special Economic Zones (Amendment) Bill, 2019",Commerce and Industry,Passed,https://prsindia.org/billtrack/the-special-economic-zones-amendment-bill-2019,2019-06-24T00:00:00,2025-11-13T08:26:19.830770,2025-11-20T00:41:34.341690,True,False,1357,0,0,True,0,
266,the-aadhaar-and-other-laws-amendment-bill-2019,"The Aadhaar and Other Laws (Amendment) Bill, 2019",Law and Justice,Passed,https://prsindia.org/billtrack/the-aadhaar-and-other-laws-amendment-bill-2019,2019-06-24T00:00:00,2025-11-13T08:26:19.831180,2025-11-20T00:41:35.432379,True,False,5552,0,0,True,0,
267,the-jammu-and-kashmir-reservation-amendment-bill-2019,"The Jammu and Kashmir Reservation (Amendment) Bill, 2019",Law and Justice,Passed,https://prsindia.org/billtrack/the-jammu-and-kashmir-reservation-amendment-bill-2019,2019-06-24T00:00:00,2025-11-13T08:26:19.831619,2025-11-20T00:41:36.523034,True,False,2384,0,0,True,0,
268,the-muslim-women-protection-of-rights-on-marriage-bill-2019,"The Muslim Women (Protection of Rights on Marriage) Bill, 2019",Law and Justice,Passed,https://prsindia.org/billtrack/the-muslim-women-protection-of-rights-on-marriage-bill-2019,2019-06-21T00:00:00,2025-11-13T08:26:19.832035,2025-11-20T00:41:37.611371,True,False,2789,0,0,True,0,
269,the-homoeopathy-central-council-amendment-bill-2019,"The Homoeopathy Central Council (Amendment) Bill, 2019",AYUSH,Passed,https://prsindia.org/billtrack/the-homoeopathy-central-council-amendment-bill-2019,2019-06-21T00:00:00,2025-11-13T08:26:19.832458,2025-11-20T00:41:38.711727,True,False,1567,0,0,True,0,
270,the-central-education-institutions-reservation-in-teachers-ordinance-2019,"The Central Education Institutions Reservation in Teachers Ordinance, 2019",Law and Justice,Replaced by an Act,https://prsindia.org/billtrack/the-central-education-institutions-reservation-in-teachers-ordinance-2019,,2025-11-13T08:26:19.832871,2025-11-20T00:41:39.804178,True,False,1774,0,0,True,0,
271,the-aadhaar-and-other-laws-amendment-ordinance-2019,"The Aadhaar and other Laws (Amendment) Ordinance, 2019",Law and Justice,Replaced by an Act,https://prsindia.org/billtrack/the-aadhaar-and-other-laws-amendment-ordinance-2019,,2025-11-13T08:26:19.833283,2025-11-20T00:41:40.900723,True,False,5955,0,0,True,0,
272,the-new-delhi-international-arbitration-centre-ordinance-2019,"The New Delhi International Arbitration Centre Ordinance, 2019",Law and Justice,Replaced by an Act,https://prsindia.org/billtrack/the-new-delhi-international-arbitration-centre-ordinance-2019,,2025-11-13T08:26:19.833718,2025-11-20T00:41:41.990043,True,False,3818,0,0,True,0,
273,the-special-economic-zones-amendment-ordinance-2019,"The Special Economic Zones (Amendment) Ordinance, 2019",Law and Justice,Replaced by an Act,https://prsindia.org/billtrack/the-special-economic-zones-amendment-ordinance-2019,,2025-11-13T08:26:19.834145,2025-11-20T00:41:43.073933,True,False,1231,0,0,True,0,
274,the-homeopathy-central-council-amendment-ordinance-2019,"The Homeopathy Central Council (Amendment) Ordinance, 2019",Law and Justice,Replaced by an Act,https://prsindia.org/billtrack/the-homeopathy-central-council-amendment-ordinance-2019,,2025-11-13T08:26:19.834570,2025-11-20T00:41:44.157396,True,False,1401,0,0,True,0,
275,the-jammu-and-kashmir-reservation-amendment-ordinance-2019,"The Jammu and Kashmir Reservation (Amendment) Ordinance, 2019",Law and Justice,Replaced by an Act,https://prsindia.org/billtrack/the-jammu-and-kashmir-reservation-amendment-ordinance-2019,,2025-11-13T08:26:19.835008,2025-11-20T00:41:45.243998,True,False,2217,0,0,True,0,
276,the-companies-second-amendment-ordinance-2019,"The Companies (Second Amendment) Ordinance, 2019",Law and Justice,Replaced by an Act,https://prsindia.org/billtrack/the-companies-second-amendment-ordinance-2019,,2025-11-13T08:26:19.835493,2025-11-20T00:41:46.335152,True,False,4724,0,0,True,0,
277,the-indian-medical-council-second-amendment-ordinance-2019,"The Indian Medical Council (Second Amendment) Ordinance, 2019",Law and Justice,Replaced by an Act,https://prsindia.org/billtrack/the-indian-medical-council-second-amendment-ordinance-2019,,2025-11-13T08:26:19.835959,2025-11-20T00:41:47.423798,True,False,2015,0,0,True,0,
278,the-muslim-women-protection-of-rights-on-marriage-second-ordinance-2019,"The Muslim Women (Protection of Rights on Marriage) Second Ordinance, 2019",Law and Justice,Replaced by an Act,https://prsindia.org/billtrack/the-muslim-women-protection-of-rights-on-marriage-second-ordinance-2019,,2025-11-13T08:26:19.836663,2025-11-20T00:41:48.511878,True,False,2865,0,0,True,0,
279,the-banning-of-unregulated-deposit-schemes-ordinance-2019,"The Banning of Unregulated Deposit Schemes Ordinance, 2019",Law and Justice,Replaced by an Act,https://prsindia.org/billtrack/the-banning-of-unregulated-deposit-schemes-ordinance-2019,,2025-11-13T08:26:19.837472,2025-11-20T00:41:49.597627,True,False,6014,0,0,True,0,
280,the-national-institutes-of-food-technology-entrepreneurship-and-management-bill-2019,"The National Institutes of Food Technology, Entrepreneurship and Management Bill, 2019",Food Processing Industries,Passed,https://prsindia.org/billtrack/the-national-institutes-of-food-technology-entrepreneurship-and-management-bill-2019,2019-02-13T00:00:00,2025-11-13T08:26:19.838029,2025-11-20T00:41:50.685997,True,False,5209,0,0,True,0,
281,the-international-financial-services-centres-authority-bill-2019,"The International Financial Services Centres Authority Bill, 2019",Finance,Withdrawn,https://prsindia.org/billtrack/the-international-financial-services-centres-authority-bill-2019,2019-02-12T00:00:00,2025-11-13T08:26:19.838560,2025-11-20T00:41:51.779753,True,False,4038,0,0,True,0,
282,the-cinematograph-amendment-bill-2019,"The Cinematograph (Amendment) Bill, 2019",Information and Broadcasting,Withdrawn,https://prsindia.org/billtrack/the-cinematograph-amendment-bill-2019,2019-02-12T00:00:00,2025-11-13T08:26:19.838997,2025-11-20T00:41:52.878826,True,False,1448,0,0,True,0,
283,the-constitution-scheduled-tribes-order-third-amendment-bill-2019,"The Constitution (Scheduled Tribes) Order (Third Amendment) Bill, 2019",Tribal Affairs,Lapsed,https://prsindia.org/billtrack/the-constitution-scheduled-tribes-order-third-amendment-bill-2019,2019-02-11T00:00:00,2025-11-13T08:26:19.839469,2025-11-20T00:41:53.972403,True,False,1510,0,0,True,0,
284,the-registration-of-marriage-of-non-resident-indian-bill-2019,"The Registration of Marriage of Non-Resident Indian Bill, 2019",External Affairs,Pending,https://prsindia.org/billtrack/the-registration-of-marriage-of-non-resident-indian-bill-2019,2019-02-11T00:00:00,2025-11-13T08:26:19.839910,2025-11-20T00:41:55.069486,True,False,7679,0,0,True,0,
285,the-constitution-one-hundred-and-twenty-fifth-amendment-bill-2019,"The Constitution (One Hundred and Twenty-fifth Amendment) Bill, 2019",Home Affairs,Pending,https://prsindia.org/billtrack/the-constitution-one-hundred-and-twenty-fifth-amendment-bill-2019,2019-02-06T00:00:00,2025-11-13T08:26:19.840321,2025-11-20T00:41:56.163002,True,False,4042,0,0,True,0,
286,the-indian-medical-council-amendment-ordinance-2019,"The Indian Medical Council (Amendment) Ordinance, 2019",Law and Justice,Lapsed,https://prsindia.org/billtrack/the-indian-medical-council-amendment-ordinance-2019,,2025-11-13T08:26:19.840787,2025-11-20T00:41:57.251728,True,False,2052,0,0,True,0,
287,the-muslim-women-protection-of-rights-on-marriage-ordinance-2019,"The Muslim Women (Protection of Rights on Marriage) Ordinance, 2019",Law and Justice,Lapsed,https://prsindia.org/billtrack/the-muslim-women-protection-of-rights-on-marriage-ordinance-2019,,2025-11-13T08:26:19.841438,2025-11-20T00:41:58.340889,True,False,2983,0,0,True,0,
288,the-companies-amendment-ordinance-2019,"The Companies (Amendment) Ordinance, 2019",Law and Justice,Lapsed,https://prsindia.org/billtrack/the-companies-amendment-ordinance-2019,,2025-11-13T08:26:19.842123,2025-11-20T00:41:59.431512,True,False,4819,0,0,True,0,
289,the-constitution-scheduled-tribes-order-amendment-bill-2019,"The Constitution (Scheduled Tribes) Order (Amendment) Bill, 2019",Unknown,Pending,https://prsindia.org/billtrack/the-constitution-scheduled-tribes-order-amendment-bill-2019,2019-01-09T00:00:00,2025-11-13T08:26:19.842743,2025-11-20T00:42:00.527925,True,False,1184,0,0,True,0,
290,the-constitution-scheduled-tribes-order-second-amendment-bill-2019,"The Constitution (Scheduled Tribes) Order (Second Amendment) Bill, 2019",Unknown,Passed,https://prsindia.org/billtrack/the-constitution-scheduled-tribes-order-second-amendment-bill-2019,2019-01-09T00:00:00,2025-11-13T08:26:19.843406,2025-11-20T00:42:01.612563,True,False,1254,0,0,True,0,
291,the-trade-unions-amendment-bill-2019,"The Trade Unions (Amendment) Bill, 2019",Unknown,Lapsed,https://prsindia.org/billtrack/the-trade-unions-amendment-bill-2019,2019-01-08T00:00:00,2025-11-13T08:26:19.844080,2025-11-20T00:42:02.718031,True,False,1439,0,0,True,0,
292,the-protection-of-children-from-sexual-offences-amendment-bill-2019,"The Protection of Children from Sexual Offences (Amendment) Bill, 2019",Women and Child Development,Lapsed,https://prsindia.org/billtrack/the-protection-of-children-from-sexual-offences-amendment-bill-2019,2019-01-08T00:00:00,2025-11-13T08:26:19.844571,2025-11-20T00:42:03.811209,True,False,5104,0,0,True,0,
293,the-constitution-one-hundred-and-twenty-fourth-amendment-bill-2019,"The Constitution (One Hundred and Twenty Fourth Amendment) Bill, 2019",Social Justice and Empowerment,Passed,https://prsindia.org/billtrack/the-constitution-one-hundred-and-twenty-fourth-amendment-bill-2019,2019-01-08T00:00:00,2025-11-13T08:26:19.845000,2025-11-20T00:42:04.896438,True,False,2268,0,0,True,0,
294,the-national-commission-for-homoeopathy-bill-2019,"The National Commission for Homoeopathy Bill, 2019",Health and Family Welfare,Passed,https://prsindia.org/billtrack/the-national-commission-for-homoeopathy-bill-2019,2019-01-07T00:00:00,2025-11-13T08:26:19.845420,2025-11-20T00:42:05.984997,True,False,5924,0,0,True,0,
295,the-national-commission-for-indian-system-of-medicine-bill-2019,"The National Commission for Indian System of Medicine Bill, 2019",Health and Family Welfare,Passed,https://prsindia.org/billtrack/the-national-commission-for-indian-system-of-medicine-bill-2019,2019-01-07T00:00:00,2025-11-13T08:26:19.845868,2025-11-20T00:42:07.081663,True,False,5710,0,0,True,0,
296,the-aadhaar-and-other-laws-amendment-bill-2018,"The Aadhaar and Other Laws (Amendment) Bill, 2018",Law and Justice,Lapsed,https://prsindia.org/billtrack/the-aadhaar-and-other-laws-amendment-bill-2018,2019-01-02T00:00:00,2025-11-13T08:26:19.846288,2025-11-20T00:42:08.171091,True,False,5876,0,0,True,0,
297,the-allied-and-healthcare-professions-bill-2018,"The Allied and Healthcare Professions Bill, 2018",Health and Family Welfare,Withdrawn,https://prsindia.org/billtrack/the-allied-and-healthcare-professions-bill-2018,2018-12-31T00:00:00,2025-11-13T08:26:19.846726,2025-11-20T00:42:09.261015,True,False,5388,0,0,True,0,
298,the-jallianwala-bagh-national-memorial-amendment-bill-2018,"The Jallianwala Bagh National Memorial (Amendment) Bill, 2018",Culture,Lapsed,https://prsindia.org/billtrack/the-jallianwala-bagh-national-memorial-amendment-bill-2018,2018-12-28T00:00:00,2025-11-13T08:26:19.847206,2025-11-20T00:42:10.347789,True,False,2054,0,0,True,0,
299,the-companies-amendment-bill-2018,"The Companies (Amendment) Bill, 2018",Finance,Lapsed,https://prsindia.org/billtrack/the-companies-amendment-bill-2018,2018-12-20T00:00:00,2025-11-13T08:26:19.847650,2025-11-20T00:42:11.436418,True,False,4812,0,0,True,0,
300,the-national-institute-of-design-amendment-bill-2018,"The National Institute of Design (Amendment) Bill, 2018",Commerce and Industry,Lapsed,https://prsindia.org/billtrack/the-national-institute-of-design-amendment-bill-2018,2018-12-18T00:00:00,2025-11-13T08:26:19.848225,2025-11-20T00:42:12.520711,True,False,1401,0,0,True,0,
301,the-muslim-women-protection-of-rights-on-marriage-bill-2018,"The Muslim Women (Protection of Rights on Marriage) Bill, 2018",Law and Justice,Lapsed,https://prsindia.org/billtrack/the-muslim-women-protection-of-rights-on-marriage-bill-2018,2018-12-17T00:00:00,2025-11-13T08:26:19.848866,2025-11-20T00:42:13.766416,True,False,2964,0,0,True,0,
302,the-central-universities-amendment-bill-2018,"The Central Universities (Amendment) Bill, 2018",Human Resource Development,Lapsed,https://prsindia.org/billtrack/the-central-universities-amendment-bill-2018,2018-12-14T00:00:00,2025-11-13T08:26:19.849427,2025-11-20T00:42:14.942777,True,False,1496,0,0,True,0,
303,the-indian-medical-council-amendment-bill-2018,"The Indian Medical Council (Amendment) Bill, 2018",Health and Family Welfare,Lapsed,https://prsindia.org/billtrack/the-indian-medical-council-amendment-bill-2018,2018-12-14T00:00:00,2025-11-13T08:26:19.850052,2025-11-20T00:42:16.122632,True,False,1770,0,0,True,0,
304,the-dam-safety-bill-2018,"The Dam Safety Bill, 2018","Water Resources, River Development and Ganga Rejuvenation",Lapsed,https://prsindia.org/billtrack/the-dam-safety-bill-2018,2018-12-12T00:00:00,2025-11-13T08:26:19.850594,2025-11-20T00:42:17.973487,True,False,5380,0,0,True,0,
305,the-companies-amendment-ordinance-2018,"The Companies (Amendment) Ordinance, 2018",Law and Justice,Withdrawn,https://prsindia.org/billtrack/the-companies-amendment-ordinance-2018,,2025-11-13T08:26:19.851207,2025-11-20T00:42:19.170930,True,False,5259,0,0,True,0,
306,the-indian-medical-council-amendment-ordinance-2018,"The Indian Medical Council (Amendment)  Ordinance, 2018",Unknown,Withdrawn,https://prsindia.org/billtrack/the-indian-medical-council-amendment-ordinance-2018,2018-09-26T00:00:00,2025-11-13T08:26:19.851671,2025-11-20T00:42:20.557232,True,False,1734,0,0,True,0,
307,the-muslim-women-protection-of-rights-on-marriage-ordinance-2018,"The Muslim Women (Protection of Rights on Marriage) Ordinance, 2018",Law and Justice,Withdrawn,https://prsindia.org/billtrack/the-muslim-women-protection-of-rights-on-marriage-ordinance-2018,2018-09-19T00:00:00,2025-11-13T08:26:19.852260,2025-11-20T00:42:21.713341,True,False,2852,0,0,True,0,
308,the-personal-laws-amendment-bill-2018,"The Personal Laws (Amendment) Bill, 2018",Law and Justice,Passed,https://prsindia.org/billtrack/the-personal-laws-amendment-bill-2018,2018-08-10T00:00:00,2025-11-13T08:26:19.852919,2025-11-20T00:42:22.849950,True,False,1303,0,0,True,0,
309,the-protection-of-human-rights-amendment-bill-2018,"The Protection of Human Rights (Amendment) Bill, 2018",Home Affairs,Lapsed,https://prsindia.org/billtrack/the-protection-of-human-rights-amendment-bill-2018,2018-08-09T00:00:00,2025-11-13T08:26:19.853730,2025-11-20T00:42:24.267208,True,False,3133,0,0,True,0,
310,the-dna-technology-use-and-application-regulation-bill-2018,"The DNA Technology (Use and Application) Regulation Bill, 2018",Science and Technology and Earth Sciences,Lapsed,https://prsindia.org/billtrack/the-dna-technology-use-and-application-regulation-bill-2018,2018-08-09T00:00:00,2025-11-13T08:26:19.854444,2025-11-20T00:42:26.280381,True,False,24121,0,0,True,0,
311,the-goods-and-services-tax-compensation-to-states-amendment-bill-2018,"The Goods and Services Tax (Compensation to States) Amendment Bill, 2018",Finance,Passed,https://prsindia.org/billtrack/the-goods-and-services-tax-compensation-to-states-amendment-bill-2018,2018-08-07T00:00:00,2025-11-13T08:26:19.855038,2025-11-20T00:42:27.518879,True,False,2530,0,0,True,0,
312,the-union-territory-goods-and-services-tax-amendment-bill-2018,"The Union Territory Goods and Services Tax (Amendment) Bill, 2018",Finance,Passed,https://prsindia.org/billtrack/the-union-territory-goods-and-services-tax-amendment-bill-2018,2018-08-07T00:00:00,2025-11-13T08:26:19.855512,2025-11-20T00:42:28.757328,True,False,2435,0,0,True,0,
313,the-integrated-goods-and-services-tax-amendment-bill-2018,"The Integrated Goods and Services Tax (Amendment) Bill, 2018",Finance,Passed,https://prsindia.org/billtrack/the-integrated-goods-and-services-tax-amendment-bill-2018,2018-08-07T00:00:00,2025-11-13T08:26:19.856099,2025-11-20T00:42:30.369238,True,False,2901,0,0,True,0,
314,the-central-goods-and-services-tax-amendment-bill-2018,"The Central Goods and Services Tax (Amendment) Bill, 2018",Finance,Passed,https://prsindia.org/billtrack/the-central-goods-and-services-tax-amendment-bill-2018,2018-08-07T00:00:00,2025-11-13T08:26:19.856668,2025-11-20T00:42:31.791677,True,False,5597,0,0,True,0,
315,the-juvenile-justice-care-and-protection-of-children-amendment-bill-2018,"The Juvenile Justice (Care and Protection of Children) Amendment Bill, 2018",Women and Child Development,Lapsed,https://prsindia.org/billtrack/the-juvenile-justice-care-and-protection-of-children-amendment-bill-2018,2018-08-06T00:00:00,2025-11-13T08:26:19.857272,2025-11-20T00:42:33.054621,True,False,8217,0,0,True,0,
316,the-scheduled-castes-and-the-scheduled-tribes-prevention-of-atrocities-amendment-bill-2018,"The Scheduled Castes and the Scheduled Tribes (Prevention of Atrocities) Amendment Bill, 2018",Unknown,Passed,https://prsindia.org/billtrack/the-scheduled-castes-and-the-scheduled-tribes-prevention-of-atrocities-amendment-bill-2018,2018-08-03T00:00:00,2025-11-13T08:26:19.857964,2025-11-20T00:42:34.328454,True,False,2011,0,0,True,0,
317,the-micro-small-and-medium-enterprises-development-amendment-bill-2018,"The Micro, Small and Medium Enterprises Development (Amendment) Bill, 2018","Micro, Small and Medium Enterprises",Lapsed,https://prsindia.org/billtrack/the-micro-small-and-medium-enterprises-development-amendment-bill-2018,2018-07-23T00:00:00,2025-11-13T08:26:19.858546,2025-11-20T00:42:35.481855,True,False,2313,0,0,True,0,
318,the-homoeopathy-central-council-amendment-bill-2018,"The Homoeopathy Central Council (Amendment) Bill, 2018",AYUSH,Passed,https://prsindia.org/billtrack/the-homoeopathy-central-council-amendment-bill-2018,2018-07-23T00:00:00,2025-11-13T08:26:19.858980,2025-11-20T00:42:36.888772,True,False,2363,0,0,True,0,
319,the-criminal-law-amendment-bill-2018,"The Criminal Law (Amendment) Bill, 2018",Law and Justice,Passed,https://prsindia.org/billtrack/the-criminal-law-amendment-bill-2018,2018-07-23T00:00:00,2025-11-13T08:26:19.859404,2025-11-20T00:42:38.090543,True,False,7873,0,0,True,0,
320,the-commercial-courts-commercial-division-and-commercial-appellate-division-of-high-courts-amendment-bill-2018,"The Commercial Courts, Commercial Division and Commercial Appellate Division of High Courts (Amendment) Bill, 2018",Law and Justice,Passed,https://prsindia.org/billtrack/the-commercial-courts-commercial-division-and-commercial-appellate-division-of-high-courts-amendment-bill-2018,2018-07-23T00:00:00,2025-11-13T08:26:19.859938,2025-11-20T00:42:41.464721,True,False,14088,0,0,True,0,
321,the-national-sports-university-bill-2018,"The National Sports University Bill, 2018",Youth Affairs and Sports,Passed,https://prsindia.org/billtrack/the-national-sports-university-bill-2018,2018-07-23T00:00:00,2025-11-13T08:26:19.860532,2025-11-20T00:42:42.635465,True,False,4821,0,0,True,0,
322,the-insolvency-and-bankruptcy-code-second-amendment-bill-2018,"The Insolvency and Bankruptcy Code (Second Amendment) Bill, 2018",Finance,Passed,https://prsindia.org/billtrack/the-insolvency-and-bankruptcy-code-second-amendment-bill-2018,2018-07-23T00:00:00,2025-11-13T08:26:19.861148,2025-11-20T00:42:43.903466,True,False,8768,0,0,True,0,
323,the-national-trust-for-welfare-of-persons-with-autism-cerebral-palsy-mental-retardation-and-multiple-disabilities-amendment-bill-2018,"The National Trust for Welfare of Persons with Autism, Cerebral Palsy, Mental Retardation and Multiple Disabilities (Amendment) Bill, 2018",Social Justice and Empowerment,Passed,https://prsindia.org/billtrack/the-national-trust-for-welfare-of-persons-with-autism-cerebral-palsy-mental-retardation-and-multiple-disabilities-amendment-bill-2018,2018-07-18T00:00:00,2025-11-13T08:26:19.861703,2025-11-20T00:42:45.023511,True,False,2234,0,0,True,0,
324,the-airports-economic-regulatory-authority-of-india-amendment-bill-2018,"The Airports Economic Regulatory Authority of India (Amendment) Bill, 2018",Civil Aviation,Lapsed,https://prsindia.org/billtrack/the-airports-economic-regulatory-authority-of-india-amendment-bill-2018,2018-07-18T00:00:00,2025-11-13T08:26:19.862254,2025-11-20T00:42:46.151596,True,False,8590,0,0,True,0,
325,the-banning-of-unregulated-deposit-schemes-bill-2018,"The Banning of Unregulated Deposit Schemes Bill, 2018",Finance,Lapsed,https://prsindia.org/billtrack/the-banning-of-unregulated-deposit-schemes-bill-2018,2018-07-18T00:00:00,2025-11-13T08:26:19.862701,2025-11-20T00:42:47.539761,True,False,5559,0,0,True,0,
326,the-arbitration-and-conciliation-amendment-bill-2018,"The Arbitration and Conciliation (Amendment) Bill, 2018",Law and Justice,Lapsed,https://prsindia.org/billtrack/the-arbitration-and-conciliation-amendment-bill-2018,2018-07-18T00:00:00,2025-11-13T08:26:19.863135,2025-11-20T00:42:49.570586,True,False,4016,0,0,True,0,
327,the-trafficking-of-persons-prevention-protection-and-rehabilitation-bill-2018,"The Trafficking of Persons (Prevention, Protection and Rehabilitation) Bill, 2018",Women and Child Development,Lapsed,https://prsindia.org/billtrack/the-trafficking-of-persons-prevention-protection-and-rehabilitation-bill-2018,2018-07-18T00:00:00,2025-11-13T08:26:19.863565,2025-11-20T00:42:51.725456,True,False,26693,0,0,True,0,
328,the-insolvency-and-bankruptcy-code-amendment-ordinance-2018,"The Insolvency and Bankruptcy Code (Amendment) Ordinance, 2018",Law and Justice,Replaced by an Act,https://prsindia.org/billtrack/the-insolvency-and-bankruptcy-code-amendment-ordinance-2018,,2025-11-13T08:26:19.863997,2025-11-20T00:42:53.277318,True,False,8788,0,0,True,0,
329,the-national-sports-university-ordinance-2018,"The National Sports University Ordinance, 2018",Law and Justice,Replaced by an Act,https://prsindia.org/billtrack/the-national-sports-university-ordinance-2018,,2025-11-13T08:26:19.864423,2025-11-20T00:42:54.425969,True,False,4713,0,0,True,0,
330,the-homoeopathy-central-council-amendment-ordinance-2018,"The Homoeopathy Central Council (Amendment) Ordinance, 2018",Law and Justice,Replaced by an Act,https://prsindia.org/billtrack/the-homoeopathy-central-council-amendment-ordinance-2018,,2025-11-13T08:26:19.864834,2025-11-20T00:42:55.577338,True,False,2231,0,0,True,0,
331,the-commercial-courts-commercial-division-and-commercial-appellate-division-of-high-courts-amendment-ordinance-2018,"The Commercial Courts, Commercial Division and Commercial Appellate Division of High Courts (Amendment) Ordinance, 2018",Law and Justice,Replaced by an Act,https://prsindia.org/billtrack/the-commercial-courts-commercial-division-and-commercial-appellate-division-of-high-courts-amendment-ordinance-2018,,2025-11-13T08:26:19.865305,2025-11-20T00:42:58.276588,True,False,14103,0,0,True,0,
332,the-criminal-law-amendment-ordinance-2018,"The Criminal Law (Amendment) Ordinance, 2018",Law and Justice,Replaced by an Act,https://prsindia.org/billtrack/the-criminal-law-amendment-ordinance-2018,,2025-11-13T08:26:19.865775,2025-11-20T00:42:59.590638,True,False,7908,0,0,True,0,
333,the-fugitive-economic-offenders-bill-2018,"The Fugitive Economic Offenders Bill, 2018","Finance, Corporate Affairs and Information & Broadcasting",Passed,https://prsindia.org/billtrack/the-fugitive-economic-offenders-bill-2018,2018-03-12T00:00:00,2025-11-13T08:26:19.866204,2025-11-20T00:43:01.108778,True,False,18338,0,0,True,0,
334,the-chit-funds-amendment-bill-2018,"The Chit Funds (Amendment) Bill, 2018","Finance, Corporate Affairs and Information & Broadcasting",Lapsed,https://prsindia.org/billtrack/the-chit-funds-amendment-bill-2018,2018-03-12T00:00:00,2025-11-13T08:26:19.866621,2025-11-20T00:43:02.291021,True,False,2069,0,0,True,0,
335,the-fugitive-economic-offenders-ordinance-2018,"The Fugitive Economic Offenders Ordinance, 2018",Law and Justice,Replaced by an Act,https://prsindia.org/billtrack/the-fugitive-economic-offenders-ordinance-2018,,2025-11-13T08:26:19.867034,2025-11-20T00:43:03.772752,True,False,18338,0,0,True,0,
336,the-consumer-protection-bill-2018,"The Consumer Protection Bill, 2018",Consumer Affairs and Food Distribution,Lapsed,https://prsindia.org/billtrack/the-consumer-protection-bill-2018,2018-01-05T00:00:00,2025-11-13T08:26:19.867470,2025-11-20T00:43:05.611446,True,False,25348,0,0,True,0,
337,the-new-delhi-international-arbitration-centre-bill-2018,"The New Delhi International Arbitration Centre Bill, 2018",Law and Justice,Lapsed,https://prsindia.org/billtrack/the-new-delhi-international-arbitration-centre-bill-2018,2018-01-05T00:00:00,2025-11-13T08:26:19.867906,2025-11-20T00:43:07.535952,True,False,3845,0,0,True,0,
338,the-negotiable-instruments-amendment-bill-2017,"The Negotiable Instruments (Amendment) Bill, 2017",Finance,Passed,https://prsindia.org/billtrack/the-negotiable-instruments-amendment-bill-2017,2018-01-02T00:00:00,2025-11-13T08:26:19.868332,2025-11-20T00:43:08.702149,True,False,2204,0,0,True,0,
339,the-national-medical-commission-bill-2017,"The National Medical Commission Bill, 2017",Health and Family Welfare,Lapsed,https://prsindia.org/billtrack/the-national-medical-commission-bill-2017,2017-12-29T00:00:00,2025-11-13T08:26:19.868744,2025-11-20T00:43:11.011600,True,False,26333,0,0,True,0,
340,the-muslim-women-protection-of-rights-on-marriage-bill-2017,"The Muslim Women (Protection of Rights on Marriage) Bill, 2017",Law and Justice,Lapsed,https://prsindia.org/billtrack/the-muslim-women-protection-of-rights-on-marriage-bill-2017,2017-12-28T00:00:00,2025-11-13T08:26:19.869152,2025-11-20T00:43:12.456552,True,False,2019,0,0,True,0,
341,the-insolvency-and-bankruptcy-code-amendment-bill-2017,"The Insolvency and Bankruptcy Code (Amendment) Bill, 2017",Finance,Passed,https://prsindia.org/billtrack/the-insolvency-and-bankruptcy-code-amendment-bill-2017,2017-12-28T00:00:00,2025-11-13T08:26:19.869649,2025-11-20T00:43:13.594024,True,False,4283,0,0,True,0,
342,the-national-capital-territory-of-delhi-laws-special-provisions-second-amendment-bill-2017,"The National Capital Territory of Delhi Laws (Special Provisions) Second (Amendment) Bill, 2017",Housing and Urban Poverty Alleviation,Passed,https://prsindia.org/billtrack/the-national-capital-territory-of-delhi-laws-special-provisions-second-amendment-bill-2017,2017-12-22T00:00:00,2025-11-13T08:26:19.870360,2025-11-20T00:43:14.733905,True,False,2456,0,0,True,0,
343,the-specific-relief-amendment-bill-2017,"The Specific Relief (Amendment) Bill, 2017",Law and Justice,Passed,https://prsindia.org/billtrack/the-specific-relief-amendment-bill-2017,2017-12-22T00:00:00,2025-11-13T08:26:19.871078,2025-11-20T00:43:15.938786,True,False,4410,0,0,True,0,
344,the-goods-and-services-tax-compensation-to-states-amendment-bill-2017,"The Goods and Services Tax (Compensation to States) Amendment Bill, 2017",Finance,Passed,https://prsindia.org/billtrack/the-goods-and-services-tax-compensation-to-states-amendment-bill-2017,2017-12-22T00:00:00,2025-11-13T08:26:19.871576,2025-11-20T00:43:17.178687,True,False,1446,0,0,True,0,
345,the-high-court-and-the-supreme-court-judges-salaries-and-conditions-of-service-amendment-bill-2017,"The High Court and the Supreme Court Judges (Salaries and Conditions of Service) Amendment Bill, 2017",Law and Justice,Passed,https://prsindia.org/billtrack/the-high-court-and-the-supreme-court-judges-salaries-and-conditions-of-service-amendment-bill-2017,2017-12-21T00:00:00,2025-11-13T08:26:19.872196,2025-11-20T00:43:18.337489,True,False,4024,0,0,True,0,
346,the-representation-of-the-people-amendment-bill-2017,"The Representation of the People (Amendment) Bill, 2017",Law and Justice,Lapsed,https://prsindia.org/billtrack/the-representation-of-the-people-amendment-bill-2017,2017-12-18T00:00:00,2025-11-13T08:26:19.872721,2025-11-20T00:43:19.497985,True,False,2308,0,0,True,0,
347,the-indian-forest-amendment-bill-2017,"The Indian Forest (Amendment) Bill, 2017",Unknown,Passed,https://prsindia.org/billtrack/the-indian-forest-amendment-bill-2017,2017-12-18T00:00:00,2025-11-13T08:26:19.873209,2025-11-20T00:43:20.713603,True,False,1427,0,0,True,0,
348,the-payment-of-gratuity-amendment-bill-2017,"The Payment of Gratuity (Amendment) Bill, 2017",Labour,Passed,https://prsindia.org/billtrack/the-payment-of-gratuity-amendment-bill-2017,2017-12-18T00:00:00,2025-11-13T08:26:19.873858,2025-11-20T00:43:22.576174,True,False,2038,0,0,True,0,
349,the-dentists-amendment-bill-2017,"The Dentists (Amendment) Bill, 2017",Health and Family Welfare,Lapsed,https://prsindia.org/billtrack/the-dentists-amendment-bill-2017,2017-12-18T00:00:00,2025-11-13T08:26:19.874347,2025-11-20T00:43:23.723905,True,False,1730,0,0,True,0,
350,the-national-council-for-teacher-education-amendment-bill-2017,"The National Council for Teacher Education (Amendment) Bill, 2017",Health and Family Welfare,Passed,https://prsindia.org/billtrack/the-national-council-for-teacher-education-amendment-bill-2017,2017-12-18T00:00:00,2025-11-13T08:26:19.874821,2025-11-20T00:43:24.927119,True,False,2180,0,0,True,0,
351,the-insolvency-and-bankruptcy-code-amendment-ordinance-2017,"The Insolvency and Bankruptcy Code (Amendment) Ordinance, 2017",Law and Justice,Replaced by an Act,https://prsindia.org/billtrack/the-insolvency-and-bankruptcy-code-amendment-ordinance-2017,,2025-11-13T08:26:19.875323,2025-11-20T00:43:26.499937,True,False,835,0,0,True,0,
352,the-indian-forest-amendment-ordinance-2017,"The Indian Forest (Amendment) Ordinance, 2017",Law and Justice,Replaced by an Act,https://prsindia.org/billtrack/the-indian-forest-amendment-ordinance-2017,,2025-11-13T08:26:19.875989,2025-11-20T00:43:27.659553,True,False,435,0,0,True,0,
353,the-goods-and-services-tax-compensation-to-states-ordinance-2017,"The Goods and Services Tax (Compensation to States) Ordinance, 2017",Law and Justice,Replaced by an Act,https://prsindia.org/billtrack/the-goods-and-services-tax-compensation-to-states-ordinance-2017,,2025-11-13T08:26:19.876478,2025-11-20T00:43:28.777783,True,False,697,0,0,True,0,
354,the-repealing-and-amending-second-bill-2017,"The Repealing and Amending (Second) Bill, 2017",Law and Justice,Passed,https://prsindia.org/billtrack/the-repealing-and-amending-second-bill-2017,2017-08-11T00:00:00,2025-11-13T08:26:19.876920,2025-11-20T00:43:29.990330,True,False,1445,0,0,True,0,
355,the-right-of-children-to-free-and-compulsory-education-second-amendment-bill-2017,"The Right of Children to Free and Compulsory Education (Second Amendment) Bill, 2017",Human Resource Development,Passed,https://prsindia.org/billtrack/the-right-of-children-to-free-and-compulsory-education-second-amendment-bill-2017,2017-08-11T00:00:00,2025-11-13T08:26:19.877331,2025-11-20T00:43:32.519341,True,False,14329,0,0,True,0,
356,the-financial-resolution-and-deposit-insurance-bill-2017,"The Financial Resolution and Deposit Insurance Bill, 2017","Finance, Corporate Affairs and Information & Broadcasting",Withdrawn,https://prsindia.org/billtrack/the-financial-resolution-and-deposit-insurance-bill-2017,2017-08-10T00:00:00,2025-11-13T08:26:19.877756,2025-11-20T00:43:38.032789,True,False,24797,0,0,True,0,
357,the-code-on-wages-2017,"The Code on Wages, 2017",Labour,Lapsed,https://prsindia.org/billtrack/the-code-on-wages-2017,2017-08-10T00:00:00,2025-11-13T08:26:19.878204,2025-11-20T00:43:40.122494,True,False,19276,0,0,True,0,
358,the-national-sports-university-bill-2017,"The National Sports University Bill, 2017",Youth Affairs and Sports,Withdrawn,https://prsindia.org/billtrack/the-national-sports-university-bill-2017,2017-08-10T00:00:00,2025-11-13T08:26:19.878631,2025-11-20T00:43:41.386696,True,False,4387,0,0,True,0,
359,the-punjab-municipal-corporation-law-extension-to-chandigarh-amendment-bill-2017,"The Punjab Municipal Corporation Law (Extension to Chandigarh) Amendment Bill, 2017",Finance,Passed,https://prsindia.org/billtrack/the-punjab-municipal-corporation-law-extension-to-chandigarh-amendment-bill-2017,2017-07-31T00:00:00,2025-11-13T08:26:19.879048,2025-11-20T00:43:42.539600,True,False,2036,0,0,True,0,
360,the-central-goods-and-services-tax-extension-to-jammu-and-kashmir-bill-2017,"The Central Goods and Services Tax (Extension to Jammu and Kashmir) Bill, 2017",Finance,Passed,https://prsindia.org/billtrack/the-central-goods-and-services-tax-extension-to-jammu-and-kashmir-bill-2017,2017-07-31T00:00:00,2025-11-13T08:26:19.879460,2025-11-20T00:43:43.697736,True,False,1400,0,0,True,0,
361,the-public-premises-eviction-of-unauthorised-occupants-amendment-bill-2017,"The Public Premises (Eviction of Unauthorised Occupants) Amendment Bill, 2017",Housing and Urban Affairs,Lapsed,https://prsindia.org/billtrack/the-public-premises-eviction-of-unauthorised-occupants-amendment-bill-2017,2017-07-31T00:00:00,2025-11-13T08:26:19.879910,2025-11-20T00:43:44.867703,True,False,2603,0,0,True,0,
362,the-integrated-goods-and-services-tax-extension-to-jammu-and-kashmir-bill-2017,"The Integrated Goods and Services Tax (Extension to Jammu and Kashmir) Bill, 2017",Finance,Passed,https://prsindia.org/billtrack/the-integrated-goods-and-services-tax-extension-to-jammu-and-kashmir-bill-2017,2017-07-31T00:00:00,2025-11-13T08:26:19.880326,2025-11-20T00:43:46.314774,True,False,1412,0,0,True,0,
363,the-banking-regulation-amendment-bill-2017,"The Banking Regulation (Amendment) Bill, 2017",Finance,Passed,https://prsindia.org/billtrack/the-banking-regulation-amendment-bill-2017,2017-07-24T00:00:00,2025-11-13T08:26:19.880817,2025-11-20T00:43:47.592966,True,False,1907,0,0,True,0,
364,the-central-road-fund-amendment-bill-2017,"The Central Road Fund (Amendment) Bill, 2017","Road Transport, Highways and Shipping",Lapsed,https://prsindia.org/billtrack/the-central-road-fund-amendment-bill-2017,2017-07-24T00:00:00,2025-11-13T08:26:19.881246,2025-11-20T00:43:48.824305,True,False,2991,0,0,True,0,
365,the-state-banks-repeal-and-amendment-bill-2017,"The State Banks (Repeal and Amendment) Bill, 2017",Finance,Passed,https://prsindia.org/billtrack/the-state-banks-repeal-and-amendment-bill-2017,2017-07-21T00:00:00,2025-11-13T08:26:19.881672,2025-11-20T00:43:50.868168,True,False,1567,0,0,True,0,
366,the-ancient-monuments-and-archaeological-sites-and-remains-amendment-bill-2017,"The Ancient Monuments and Archaeological Sites and Remains (Amendment) Bill, 2017",Culture,Lapsed,https://prsindia.org/billtrack/the-ancient-monuments-and-archaeological-sites-and-remains-amendment-bill-2017,2017-07-18T00:00:00,2025-11-13T08:26:19.882100,2025-11-20T00:43:52.115798,True,False,3153,0,0,True,0,
367,the-indian-institute-of-petroleum-and-energy-bill-2017,"The Indian Institute of Petroleum and Energy Bill, 2017",Petroleum and Natural Gas,Passed,https://prsindia.org/billtrack/the-indian-institute-of-petroleum-and-energy-bill-2017,2017-07-18T00:00:00,2025-11-13T08:26:19.882517,2025-11-20T00:43:54.066434,True,False,3992,0,0,True,0,
368,the-requisitioning-and-acquisition-of-immovable-property-amendment-bill-2017,"The Requisitioning and Acquisition of Immovable Property (Amendment) Bill, 2017",Urban Development,Passed,https://prsindia.org/billtrack/the-requisitioning-and-acquisition-of-immovable-property-amendment-bill-2017,2017-07-18T00:00:00,2025-11-13T08:26:19.882932,2025-11-20T00:43:55.572929,True,False,3477,0,0,True,0,
369,the-central-goods-and-services-tax-extension-to-jammu-and-kashmir-ordinance-2017,"The Central Goods and Services Tax (Extension to Jammu and Kashmir) Ordinance, 2017",Law and Justice,Replaced by an Act,https://prsindia.org/billtrack/the-central-goods-and-services-tax-extension-to-jammu-and-kashmir-ordinance-2017,,2025-11-13T08:26:19.883341,2025-11-20T00:43:56.718758,True,False,1137,0,0,True,0,
370,the-integrated-goods-and-services-tax-extension-to-jammu-and-kashmir-ordinance-2017,"The Integrated Goods and Services Tax (Extension to Jammu and Kashmir) Ordinance, 2017",Law and Justice,Replaced by an Act,https://prsindia.org/billtrack/the-integrated-goods-and-services-tax-extension-to-jammu-and-kashmir-ordinance-2017,,2025-11-13T08:26:19.883774,2025-11-20T00:43:57.883601,True,False,1150,0,0,True,0,
371,the-punjab-municipal-corporation-law-extension-to-chandigarh-amendment-ordinance-2017,"The Punjab Municipal Corporation Law (Extension to Chandigarh) Amendment Ordinance, 2017",Law and Justice,Replaced by an Act,https://prsindia.org/billtrack/the-punjab-municipal-corporation-law-extension-to-chandigarh-amendment-ordinance-2017,,2025-11-13T08:26:19.884205,2025-11-20T00:43:59.092894,True,False,1431,0,0,False,0,
372,the-banking-regulation-amendment-ordinance-2017,"The Banking Regulation (Amendment) Ordinance, 2017",Law and Justice,Replaced by an Act,https://prsindia.org/billtrack/the-banking-regulation-amendment-ordinance-2017,,2025-11-13T08:26:19.884627,2025-11-20T00:44:00.656388,True,False,1547,0,0,True,0,
373,the-indian-institutes-of-information-technology-public-private-partnership-bill-2017,"The Indian Institutes of Information Technology (Public-Private Partnership) Bill, 2017",Human Resource Development,Passed,https://prsindia.org/billtrack/the-indian-institutes-of-information-technology-public-private-partnership-bill-2017,2017-04-10T00:00:00,2025-11-13T08:26:19.885040,2025-11-20T00:44:02.044852,True,False,4710,0,0,True,0,
374,the-right-of-children-to-free-and-compulsory-education-amendment-bill-2017,"The Right of Children to Free and Compulsory Education (Amendment) Bill, 2017",Women and Child Development,Passed,https://prsindia.org/billtrack/the-right-of-children-to-free-and-compulsory-education-amendment-bill-2017,2017-04-10T00:00:00,2025-11-13T08:26:19.885451,2025-11-20T00:44:03.196277,True,False,1490,0,0,True,0,
375,the-national-bank-for-agriculture-and-rural-development-amendment-bill-2017,"The National Bank for Agriculture And Rural Development (Amendment) Bill, 2017",Finance,Passed,https://prsindia.org/billtrack/the-national-bank-for-agriculture-and-rural-development-amendment-bill-2017,2017-04-05T00:00:00,2025-11-13T08:26:19.885892,2025-11-20T00:44:08.438853,True,False,3298,0,0,True,0,
376,the-constitution-one-hundred-and-twenty-third-amendment-bill-2017,"The Constitution (One Hundred and Twenty-Third Amendment) Bill, 2017",Social Justice and Welfare,Passed,https://prsindia.org/billtrack/the-constitution-one-hundred-and-twenty-third-amendment-bill-2017,2017-04-05T00:00:00,2025-11-13T08:26:19.886434,2025-11-20T00:44:09.711151,True,False,3688,0,0,True,0,
377,the-national-commission-for-backward-classes-repeal-bill-2017,"The National Commission for Backward Classes (Repeal) Bill, 2017",Social Justice and Welfare,Passed,https://prsindia.org/billtrack/the-national-commission-for-backward-classes-repeal-bill-2017,2017-04-05T00:00:00,2025-11-13T08:26:19.887170,2025-11-20T00:44:10.907105,True,False,1831,0,0,True,0,
378,the-taxation-laws-amendment-bill-2017,"The Taxation Laws (Amendment) Bill, 2017",Finance,Passed,https://prsindia.org/billtrack/the-taxation-laws-amendment-bill-2017,2017-03-31T00:00:00,2025-11-13T08:26:19.888027,2025-11-20T00:44:12.339430,True,False,4651,0,0,True,0,
379,the-central-goods-and-services-tax-bill-2017,"The Central Goods and Services Tax Bill, 2017",Finance,Passed,https://prsindia.org/billtrack/the-central-goods-and-services-tax-bill-2017,2017-03-27T00:00:00,2025-11-13T08:26:19.888739,2025-11-20T00:44:13.892132,True,False,4239,0,0,True,0,
380,the-integrated-goods-and-services-tax-bill-2017,"The Integrated Goods and Services Tax Bill, 2017",Finance,Passed,https://prsindia.org/billtrack/the-integrated-goods-and-services-tax-bill-2017,2017-03-27T00:00:00,2025-11-13T08:26:19.889360,2025-11-20T00:44:15.089737,True,False,3225,0,0,True,0,
381,the-union-territory-goods-and-services-tax-bill-2017,"The Union Territory Goods and Services Tax Bill, 2017",Finance,Passed,https://prsindia.org/billtrack/the-union-territory-goods-and-services-tax-bill-2017,2017-03-27T00:00:00,2025-11-13T08:26:19.889909,2025-11-20T00:44:16.636397,True,False,2058,0,0,True,0,
382,the-indian-institutes-of-information-technology-amendment-bill-2017,"The Indian Institutes of Information Technology (Amendment) Bill, 2017",Human Resource Development,Passed,https://prsindia.org/billtrack/the-indian-institutes-of-information-technology-amendment-bill-2017,2017-03-27T00:00:00,2025-11-13T08:26:19.890360,2025-11-20T00:44:17.833396,True,False,2052,0,0,True,0,
383,the-goods-and-services-tax-compensation-to-states-bill-2017,"The Goods and Services Tax (Compensation to States) Bill, 2017",Finance,Passed,https://prsindia.org/billtrack/the-goods-and-services-tax-compensation-to-states-bill-2017,2017-03-27T00:00:00,2025-11-13T08:26:19.890779,2025-11-20T00:44:18.955326,True,False,2906,0,0,True,0,
384,the-collection-of-statistics-amendment-bill-2017,"The Collection of Statistics (Amendment) Bill, 2017",Statistics and Programme Implementation,Passed,https://prsindia.org/billtrack/the-collection-of-statistics-amendment-bill-2017,2017-03-20T00:00:00,2025-11-13T08:26:19.891189,2025-11-20T00:44:20.091373,True,False,2176,0,0,True,0,
385,the-footwear-design-and-development-institute-bill-2017,"The Footwear Design and Development Institute Bill, 2017",Commerce and Industry,Passed,https://prsindia.org/billtrack/the-footwear-design-and-development-institute-bill-2017,2017-03-14T00:00:00,2025-11-13T08:26:19.891606,2025-11-20T00:44:21.516632,True,False,4312,0,0,True,0,
386,the-inter-state-river-water-disputes-amendment-bill-2017,"The Inter-State River Water Disputes (Amendment) Bill, 2017",Water Resources,Lapsed,https://prsindia.org/billtrack/the-inter-state-river-water-disputes-amendment-bill-2017,2017-03-14T00:00:00,2025-11-13T08:26:19.892036,2025-11-20T00:44:22.804769,True,False,4300,0,0,True,0,
387,the-constitution-scheduled-castes-orders-amendment-bill-2017,"The Constitution (Scheduled Castes) Orders (Amendment) Bill, 2017",Social Justice and Welfare,Passed,https://prsindia.org/billtrack/the-constitution-scheduled-castes-orders-amendment-bill-2017,2017-03-10T00:00:00,2025-11-13T08:26:19.892465,2025-11-20T00:44:23.987014,True,False,1653,0,0,True,0,
388,the-repealing-and-amending-bill-2017,"The Repealing and Amending Bill, 2017",Law and Justice,Passed,https://prsindia.org/billtrack/the-repealing-and-amending-bill-2017,2017-02-09T00:00:00,2025-11-13T08:26:19.892882,2025-11-20T00:44:25.184177,True,False,1928,0,0,True,0,
389,the-indian-institutes-of-management-bill-2017,"The Indian Institutes of Management Bill, 2017",Human Resource Development,Passed,https://prsindia.org/billtrack/the-indian-institutes-of-management-bill-2017,,2025-11-13T08:26:19.893301,2025-11-20T00:44:26.904553,True,False,2731,0,0,True,0,
390,the-payment-of-wages-amendment-bill-2017,"The Payment of Wages (Amendment) Bill, 2017",Labour,Passed,https://prsindia.org/billtrack/the-payment-of-wages-amendment-bill-2017,2017-02-03T00:00:00,2025-11-13T08:26:19.893740,2025-11-20T00:44:28.171328,True,False,1730,0,0,True,0,
391,the-specified-bank-notes-cessation-of-liabilities-bill-2017,"The Specified Bank Notes (Cessation of Liabilities) Bill, 2017",Finance,Passed,https://prsindia.org/billtrack/the-specified-bank-notes-cessation-of-liabilities-bill-2017,2017-02-03T00:00:00,2025-11-13T08:26:19.894174,2025-11-20T00:44:29.732181,True,False,3544,0,0,True,0,
392,the-specified-bank-notes-cessation-of-liabilities-ordinance-2016,"The Specified Bank Notes (Cessation of Liabilities) Ordinance, 2016",Law and Justice,Replaced by an Act,https://prsindia.org/billtrack/the-specified-bank-notes-cessation-of-liabilities-ordinance-2016,,2025-11-13T08:26:19.894587,2025-11-20T00:44:32.211831,True,False,3453,0,0,True,0,
393,the-enemy-property-amendment-and-validation-fifth-ordinance-2016,"The Enemy Property (Amendment and Validation) Fifth Ordinance, 2016",Law and Justice,Replaced by an Act,https://prsindia.org/billtrack/the-enemy-property-amendment-and-validation-fifth-ordinance-2016,,2025-11-13T08:26:19.895007,2025-11-20T00:44:33.827311,True,False,4210,0,0,False,0,
394,the-merchant-shipping-bill-2016,"The Merchant Shipping Bill, 2016",Shipping,Lapsed,https://prsindia.org/billtrack/the-merchant-shipping-bill-2016,2016-12-16T00:00:00,2025-11-13T08:26:19.895489,2025-11-20T00:44:35.210380,True,False,5188,0,0,True,0,
395,the-major-port-authorities-bill-2016,"The Major Port Authorities Bill, 2016","Road Transport, Highways and Shipping",Lapsed,https://prsindia.org/billtrack/the-major-port-authorities-bill-2016,2016-12-16T00:00:00,2025-11-13T08:26:19.895927,2025-11-20T00:44:36.406298,True,False,5049,0,0,True,0,
396,the-payment-of-wages-amendment-bill-2016,"The Payment of Wages (Amendment) Bill, 2016",Labour,Withdrawn,https://prsindia.org/billtrack/the-payment-of-wages-amendment-bill-2016,2016-12-15T00:00:00,2025-11-13T08:26:19.896352,2025-11-20T00:44:37.816742,True,False,1638,0,0,True,0,
397,the-constitution-scheduled-castes-and-scheduled-tribes-orders-amendment-bill-2016,"The Constitution (Scheduled Castes and Scheduled Tribes) Orders (Amendment) Bill, 2016",Tribal Affairs,Lapsed,https://prsindia.org/billtrack/the-constitution-scheduled-castes-and-scheduled-tribes-orders-amendment-bill-2016,2016-12-14T00:00:00,2025-11-13T08:26:19.896773,2025-11-20T00:44:39.315939,True,False,2485,0,0,True,0,
398,the-national-institutes-of-technology-science-education-and-research-second-amendment-bill-2016,"The National Institutes of Technology, Science Education and Research (Second Amendment) Bill, 2016",Human Resource Development,Passed,https://prsindia.org/billtrack/the-national-institutes-of-technology-science-education-and-research-second-amendment-bill-2016,2016-12-09T00:00:00,2025-11-13T08:26:19.897186,2025-11-20T00:44:40.474878,True,False,1650,0,0,True,0,
399,the-taxation-laws-second-amendment-bill-2016,"The Taxation Laws (Second Amendment) Bill, 2016",Finance,Passed,https://prsindia.org/billtrack/the-taxation-laws-second-amendment-bill-2016,2016-11-28T00:00:00,2025-11-13T08:26:19.897607,2025-11-20T00:44:41.905631,True,False,3759,0,0,True,0,
400,the-admiralty-jurisdiction-and-settlement-of-maritime-claims-bill-2016,"The Admiralty (Jurisdiction and Settlement of Maritime Claims) Bill, 2016",Roads,Passed,https://prsindia.org/billtrack/the-admiralty-jurisdiction-and-settlement-of-maritime-claims-bill-2016,2016-11-21T00:00:00,2025-11-13T08:26:19.898037,2025-11-20T00:44:43.030728,True,False,4896,0,0,True,0,
401,the-surrogacy-regulation-bill-2016,"The Surrogacy (Regulation) Bill, 2016",Health,Lapsed,https://prsindia.org/billtrack/the-surrogacy-regulation-bill-2016,2016-11-21T00:00:00,2025-11-13T08:26:19.898484,2025-11-20T00:44:44.297884,True,False,24749,0,0,True,0,
402,the-enemy-property-amendment-and-validation-fourth-ordinance-2016,"The Enemy Property (Amendment and Validation) Fourth Ordinance, 2016",Law and Justice,Withdrawn,https://prsindia.org/billtrack/the-enemy-property-amendment-and-validation-fourth-ordinance-2016,,2025-11-13T08:26:19.898900,2025-11-20T00:44:46.162113,True,False,4824,0,0,True,0,
403,the-maternity-benefit-amendment-bill-2016,"The Maternity Benefit (Amendment) Bill, 2016",Labour,Passed,https://prsindia.org/billtrack/the-maternity-benefit-amendment-bill-2016,2016-08-11T00:00:00,2025-11-13T08:26:19.899327,2025-11-20T00:44:47.295541,True,False,3031,0,0,True,0,
404,the-taxation-laws-amendment-bill-2016,"The Taxation Laws (Amendment) Bill, 2016",Finance,Passed,https://prsindia.org/billtrack/the-taxation-laws-amendment-bill-2016,2016-08-10T00:00:00,2025-11-13T08:26:19.899746,2025-11-20T00:44:48.646730,True,False,2014,0,0,True,0,
405,the-factories-amendment-bill-2016,"The Factories (Amendment) Bill, 2016",Labour,Lapsed,https://prsindia.org/billtrack/the-factories-amendment-bill-2016,2016-08-10T00:00:00,2025-11-13T08:26:19.900179,2025-11-20T00:44:49.935030,True,False,2835,0,0,True,0,
406,the-motor-vehicles-amendment-bill-2016,"The Motor Vehicles (Amendment) Bill, 2016",Roads,Lapsed,https://prsindia.org/billtrack/the-motor-vehicles-amendment-bill-2016,2016-08-09T00:00:00,2025-11-13T08:26:19.900601,2025-11-20T00:44:51.506305,True,False,26331,0,0,True,0,
407,the-employee-s-compensation-amendment-bill-2016,"The Employee's Compensation (Amendment) Bill, 2016",Labour,Passed,https://prsindia.org/billtrack/the-employee-s-compensation-amendment-bill-2016,2016-08-05T00:00:00,2025-11-13T08:26:19.901013,2025-11-20T00:44:52.655483,True,False,2446,0,0,True,0,
408,the-central-agricultural-university-amendment-bill-2016,"The Central Agricultural University (Amendment) Bill, 2016",Agriculture,Passed,https://prsindia.org/billtrack/the-central-agricultural-university-amendment-bill-2016,2016-08-05T00:00:00,2025-11-13T08:26:19.901445,2025-11-20T00:44:54.634556,True,False,1407,0,0,True,0,
409,the-transgender-persons-protection-of-rights-bill-2016,"The Transgender Persons (Protection of Rights) Bill, 2016",Social Justice and Welfare,Lapsed,https://prsindia.org/billtrack/the-transgender-persons-protection-of-rights-bill-2016,2016-08-02T00:00:00,2025-11-13T08:26:19.901860,2025-11-20T00:44:56.226458,True,False,23872,0,0,True,0,
410,the-lokpal-and-lokayuktas-amendment-bill-2016,"The Lokpal and Lokayuktas (Amendment) Bill, 2016",Law and Justice,Passed,https://prsindia.org/billtrack/the-lokpal-and-lokayuktas-amendment-bill-2016,2016-07-27T00:00:00,2025-11-13T08:26:19.902302,2025-11-20T00:44:57.375399,True,False,1750,0,0,True,0,
411,the-indian-medical-council-amendment-bill-2016,"The Indian Medical Council (Amendment) Bill, 2016",Health,Passed,https://prsindia.org/billtrack/the-indian-medical-council-amendment-bill-2016,2016-07-19T00:00:00,2025-11-13T08:26:19.902755,2025-11-20T00:44:58.499142,True,False,2180,0,0,True,0,
412,the-institutes-of-technology-amendment-bill-2016,"The Institutes of Technology (Amendment) Bill, 2016",Human Resource Development,Passed,https://prsindia.org/billtrack/the-institutes-of-technology-amendment-bill-2016,2016-07-19T00:00:00,2025-11-13T08:26:19.903213,2025-11-20T00:44:59.620391,True,False,1496,0,0,True,0,
413,the-high-courts-alteration-of-names-bill-2016,"The High Courts (Alteration of Names) Bill, 2016",Law and Justice,Lapsed,https://prsindia.org/billtrack/the-high-courts-alteration-of-names-bill-2016,2016-07-19T00:00:00,2025-11-13T08:26:19.903898,2025-11-20T00:45:00.737505,True,False,1642,0,0,True,0,
414,the-citizenship-amendment-bill-2016,"The Citizenship (Amendment) Bill, 2016",Home Affairs,Lapsed,https://prsindia.org/billtrack/the-citizenship-amendment-bill-2016,2016-07-19T00:00:00,2025-11-13T08:26:19.904895,2025-11-20T00:45:01.861957,True,False,7749,0,0,True,0,
415,the-national-institutes-of-technology-science-education-and-research-amendment-bill-2016,"The National Institutes of Technology, Science Education and Research (Amendment) Bill, 2016",Human Resource Development,Passed,https://prsindia.org/billtrack/the-national-institutes-of-technology-science-education-and-research-amendment-bill-2016,2016-07-19T00:00:00,2025-11-13T08:26:19.905447,2025-11-20T00:45:03.471130,True,False,1224,0,0,True,0,
416,the-dentists-amendment-bill-2016,"The Dentists (Amendment) Bill, 2016",Health,Passed,https://prsindia.org/billtrack/the-dentists-amendment-bill-2016,2016-07-19T00:00:00,2025-11-13T08:26:19.905912,2025-11-20T00:45:04.629725,True,False,2090,0,0,True,0,
417,the-enemy-property-amendment-and-validation-third-ordinance-2016,"The Enemy Property (Amendment and Validation) Third Ordinance, 2016",Law and Justice,Withdrawn,https://prsindia.org/billtrack/the-enemy-property-amendment-and-validation-third-ordinance-2016,,2025-11-13T08:26:19.906482,2025-11-20T00:45:05.873609,True,False,4822,0,0,True,0,
418,the-indian-medical-council-amendment-ordinance-2016,"The Indian Medical Council (Amendment) Ordinance, 2016",Law and Justice,Replaced by an Act,https://prsindia.org/billtrack/the-indian-medical-council-amendment-ordinance-2016,,2025-11-13T08:26:19.906919,2025-11-20T00:45:07.260366,True,False,1287,0,0,True,0,
419,the-enforcement-of-security-interest-and-recovery-of-debts-laws-and-miscellaneous-provisions-amendment-bill-2016,"The Enforcement of Security Interest and Recovery of Debts Laws and Miscellaneous Provisions (Amendment) Bill, 2016",Finance,Passed,https://prsindia.org/billtrack/the-enforcement-of-security-interest-and-recovery-of-debts-laws-and-miscellaneous-provisions-amendment-bill-2016,,2025-11-13T08:26:19.907348,2025-11-20T00:45:08.716664,True,False,4305,0,0,True,0,
420,the-enemy-property-amendment-and-validation-second-ordinance-2016,"The Enemy Property (Amendment and Validation) Second Ordinance, 2016",Unknown,Lapsed,https://prsindia.org/billtrack/the-enemy-property-amendment-and-validation-second-ordinance-2016,,2025-11-13T08:26:19.907783,2025-11-13T08:26:19.907785,True,False,4538,0,0,True,0,
421,the-companies-amendment-bill-2016,"The Companies (Amendment) Bill, 2016",Corporate Affairs,Passed,https://prsindia.org/billtrack/the-companies-amendment-bill-2016,2016-03-16T00:00:00,2025-11-13T08:26:19.908218,2025-11-20T00:45:11.075772,True,False,2155,0,0,True,0,
422,the-mines-and-minerals-development-and-regulation-amendment-bill-2016,"The Mines and Minerals (Development and Regulation) Amendment Bill, 2016",Mines,Passed,https://prsindia.org/billtrack/the-mines-and-minerals-development-and-regulation-amendment-bill-2016,2016-03-16T00:00:00,2025-11-13T08:26:19.908637,2025-11-20T00:45:12.317033,True,False,2248,0,0,True,0,
423,the-regional-centre-for-biotechnology-bill-2016,"The Regional Centre for Biotechnology Bill, 2016",Science and Technology,Passed,https://prsindia.org/billtrack/the-regional-centre-for-biotechnology-bill-2016,2016-03-15T00:00:00,2025-11-13T08:26:19.909052,2025-11-20T00:45:13.460216,True,False,3963,0,0,True,0,
424,the-sikh-gurdwaras-amendment-bill-2016,"The Sikh Gurdwaras (Amendment) Bill, 2016",Home Affairs,Passed,https://prsindia.org/billtrack/the-sikh-gurdwaras-amendment-bill-2016,2016-03-15T00:00:00,2025-11-13T08:26:19.909490,2025-11-20T00:45:14.603753,True,False,2001,0,0,True,0,
425,the-enemy-property-amendment-and-validation-bill-2016,"The Enemy Property (Amendment and Validation) Bill, 2016",Law and Justice,Passed,https://prsindia.org/billtrack/the-enemy-property-amendment-and-validation-bill-2016,2016-03-08T00:00:00,2025-11-13T08:26:19.909914,2025-11-20T00:45:15.845614,True,False,906,0,0,True,0,
426,the-aadhaar-targeted-delivery-of-financial-and-other-subsidies-benefits-and-services-bill-2016,"The Aadhaar (Targeted Delivery of Financial and Other Subsidies, Benefits and Services) Bill, 2016",Finance,Passed,https://prsindia.org/billtrack/the-aadhaar-targeted-delivery-of-financial-and-other-subsidies-benefits-and-services-bill-2016,2016-03-03T00:00:00,2025-11-13T08:26:19.910413,2025-11-20T00:45:17.027247,True,False,4969,0,0,True,0,
427,the-constitution-scheduled-castes-order-amendment-bill-2016,"The Constitution (Scheduled Castes) Order (Amendment) Bill, 2016",Social Justice and Welfare,Passed,https://prsindia.org/billtrack/the-constitution-scheduled-castes-order-amendment-bill-2016,2016-03-01T00:00:00,2025-11-13T08:26:19.910856,2025-11-20T00:45:18.437528,True,False,2168,0,0,True,0,
428,the-election-laws-amendment-bill-2016,"The Election Laws (Amendment) Bill, 2016",Law and Justice,Passed,https://prsindia.org/billtrack/the-election-laws-amendment-bill-2016,2016-02-24T00:00:00,2025-11-13T08:26:19.911281,2025-11-20T00:45:20.535837,True,False,1118,0,0,True,0,
429,the-enemy-property-amendment-and-validation-ordinance-2016,"The Enemy Property (Amendment and Validation) Ordinance, 2016",Law and Justice,Passed,https://prsindia.org/billtrack/the-enemy-property-amendment-and-validation-ordinance-2016,,2025-11-13T08:26:19.911695,2025-11-20T00:45:21.722529,True,False,4583,0,0,True,0,
430,the-insolvency-and-bankruptcy-code-2015,"The Insolvency and Bankruptcy Code, 2015",Finance,Passed,https://prsindia.org/billtrack/the-insolvency-and-bankruptcy-code-2015,2015-12-21T00:00:00,2025-11-13T08:26:19.912134,2025-11-20T00:45:22.918057,True,False,2228,0,0,True,0,
431,the-sugar-cess-amendment-bill-2015,"The Sugar Cess (Amendment) Bill, 2015",Consumer Affairs and Food Distribution,Passed,https://prsindia.org/billtrack/the-sugar-cess-amendment-bill-2015,2015-12-11T00:00:00,2025-11-13T08:26:19.912573,2025-11-20T00:45:24.066295,True,False,727,0,0,True,0,
432,the-atomic-energy-amendment-bill-2015,"The Atomic Energy (Amendment) Bill, 2015",Atomic Energy,Passed,https://prsindia.org/billtrack/the-atomic-energy-amendment-bill-2015,2015-12-07T00:00:00,2025-11-13T08:26:19.912982,2025-11-20T00:45:27.252475,True,False,1549,0,0,True,0,
433,the-industries-development-and-regulation-amendment-bill-2015,"The Industries (Development and Regulation) Amendment Bill, 2015",Commerce and Industry,Passed,https://prsindia.org/billtrack/the-industries-development-and-regulation-amendment-bill-2015,2015-12-07T00:00:00,2025-11-13T08:26:19.913408,2025-11-20T00:45:28.548201,True,False,1119,0,0,True,0,
434,the-payment-of-bonus-amendment-bill-2015,"The Payment of Bonus (Amendment) Bill, 2015",Labour,Passed,https://prsindia.org/billtrack/the-payment-of-bonus-amendment-bill-2015,2015-12-07T00:00:00,2025-11-13T08:26:19.913824,2025-11-20T00:45:29.998784,True,False,1477,0,0,True,0,
435,the-commercial-courts-commercial-division-and-commercial-appellate-division-of-high-courts-bill-2015-772,"The Commercial Courts, Commercial Division and Commercial Appellate Division of High Courts Bill, 2015",Law and Justice,Passed,https://prsindia.org/billtrack/the-commercial-courts-commercial-division-and-commercial-appellate-division-of-high-courts-bill-2015-772,2015-12-07T00:00:00,2025-11-13T08:26:19.914258,2025-11-20T00:45:31.432858,True,False,3741,0,0,True,0,
436,the-arbitration-and-conciliation-amendment-bill-2015,"The Arbitration and Conciliation (Amendment) Bill, 2015",Law and Justice,Passed,https://prsindia.org/billtrack/the-arbitration-and-conciliation-amendment-bill-2015,2015-12-03T00:00:00,2025-11-13T08:26:19.914680,2025-11-20T00:45:32.576677,True,False,3895,0,0,True,0,
437,the-arbitration-and-conciliation-amendment-ordinance-2015,"The Arbitration and Conciliation (Amendment) Ordinance, 2015",Law and Justice,Replaced by an Act,https://prsindia.org/billtrack/the-arbitration-and-conciliation-amendment-ordinance-2015,,2025-11-13T08:26:19.915099,2025-11-20T00:45:33.755180,True,False,3674,0,0,True,0,
438,the-commercial-courts-commercial-division-and-commercial-appellate-division-of-high-courts-ordinance-2015,"The Commercial Courts, Commercial Division and Commercial Appellate Division of High Courts Ordinance, 2015",Law and Justice,Replaced by an Act,https://prsindia.org/billtrack/the-commercial-courts-commercial-division-and-commercial-appellate-division-of-high-courts-ordinance-2015,,2025-11-13T08:26:19.915539,2025-11-20T00:45:35.023466,True,False,3697,0,0,True,0,
439,the-negotiable-instruments-amendment-second-ordinance-2015,"The Negotiable Instruments (Amendment) Second Ordinance, 2015",Law and Justice,Replaced by an Act,https://prsindia.org/billtrack/the-negotiable-instruments-amendment-second-ordinance-2015,,2025-11-13T08:26:19.915963,2025-11-20T00:45:36.323588,True,False,2462,0,0,True,0,
440,the-high-court-and-the-supreme-court-judges-salaries-and-conditions-of-service-amendment-bill-2015,"The High Court and the Supreme Court Judges (Salaries and Conditions of Service) Amendment Bill, 2015",Law and Justice,Passed,https://prsindia.org/billtrack/the-high-court-and-the-supreme-court-judges-salaries-and-conditions-of-service-amendment-bill-2015,2015-08-13T00:00:00,2025-11-13T08:26:19.916414,2025-11-20T00:45:37.752588,True,False,2064,0,0,True,0,
441,the-indian-trusts-amendment-bill-2015,"The Indian Trusts (Amendment) Bill, 2015",Finance,Passed,https://prsindia.org/billtrack/the-indian-trusts-amendment-bill-2015,2015-08-13T00:00:00,2025-11-13T08:26:19.916829,2025-11-20T00:45:39.077879,True,False,1059,0,0,True,0,
442,the-merchant-shipping-amendment-bill-2015,"The Merchant Shipping (Amendment) Bill, 2015",Shipping,Withdrawn,https://prsindia.org/billtrack/the-merchant-shipping-amendment-bill-2015,2015-08-10T00:00:00,2025-11-13T08:26:19.917242,2025-11-20T00:45:40.551300,True,False,4909,0,0,True,0,
443,the-consumer-protection-bill-2015,"The Consumer Protection Bill, 2015",Consumer Affairs and Food Distribution,Withdrawn,https://prsindia.org/billtrack/the-consumer-protection-bill-2015,2015-08-10T00:00:00,2025-11-13T08:26:19.917658,2025-11-20T00:45:45.552991,True,False,4050,0,0,True,0,
444,the-bureau-of-indian-standards-bill-2015,"The Bureau of Indian Standards Bill, 2015",Consumer Affairs and Food Distribution,Passed,https://prsindia.org/billtrack/the-bureau-of-indian-standards-bill-2015,2015-08-07T00:00:00,2025-11-13T08:26:19.918088,2025-11-20T00:45:46.840886,True,False,3964,0,0,True,0,
445,the-carriage-by-air-amendment-bill-2015,"The Carriage by Air (Amendment) Bill, 2015",Civil Aviation,Passed,https://prsindia.org/billtrack/the-carriage-by-air-amendment-bill-2015,2015-08-07T00:00:00,2025-11-13T08:26:19.918526,2025-11-20T00:45:48.228668,True,False,1743,0,0,True,0,
446,the-negotiable-instruments-amendment-bill-2015-760,"The Negotiable Instruments (Amendment) Bill, 2015",Finance,Passed,https://prsindia.org/billtrack/the-negotiable-instruments-amendment-bill-2015-760,2015-07-27T00:00:00,2025-11-13T08:26:19.918938,2025-11-20T00:45:49.388939,True,False,2491,0,0,True,0,
447,the-repealing-and-amending-fourth-bill-2015,"The Repealing and Amending (Fourth) Bill, 2015",Law and Justice,Passed,https://prsindia.org/billtrack/the-repealing-and-amending-fourth-bill-2015,2015-07-27T00:00:00,2025-11-13T08:26:19.919375,2025-11-20T00:45:50.546592,True,False,1272,0,0,True,0,
448,the-negotiable-instruments-amendment-ordinance-2015,"The Negotiable Instruments (Amendment) Ordinance, 2015",Law and Justice,Replaced by an Act,https://prsindia.org/billtrack/the-negotiable-instruments-amendment-ordinance-2015,,2025-11-13T08:26:19.919931,2025-11-20T00:45:51.980915,True,False,2414,0,0,True,0,
449,the-repealing-and-amending-third-bill-2015,"The Repealing and Amending (Third) Bill, 2015",Law and Justice,Withdrawn,https://prsindia.org/billtrack/the-repealing-and-amending-third-bill-2015,2015-05-13T00:00:00,2025-11-13T08:26:19.920793,2025-11-20T00:45:53.145706,True,False,983,0,0,True,0,
450,the-benami-transactions-prohibition-amendment-bill-2015,"The Benami Transactions (Prohibition) (Amendment) Bill, 2015",Finance,Passed,https://prsindia.org/billtrack/the-benami-transactions-prohibition-amendment-bill-2015,,2025-11-13T08:26:19.921422,2025-11-20T00:45:54.260308,True,False,3686,0,0,True,0,
451,the-right-to-fair-compensation-and-transparency-in-land-acquisition-rehabilitation-and-resettlement-second-amendment-bill-2015,"The Right to Fair Compensation and Transparency in Land Acquisition, Rehabilitation and Resettlement (Second Amendment) Bill, 2015",Rural Development,Lapsed,https://prsindia.org/billtrack/the-right-to-fair-compensation-and-transparency-in-land-acquisition-rehabilitation-and-resettlement-second-amendment-bill-2015,2015-05-11T00:00:00,2025-11-13T08:26:19.921910,2025-11-20T00:45:55.791670,True,False,24904,0,0,True,0,
452,the-whistle-blowers-protection-amendment-bill-2015,"The Whistle Blowers Protection (Amendment) Bill, 2015","Personnel, Grievances and Pensions",Lapsed,https://prsindia.org/billtrack/the-whistle-blowers-protection-amendment-bill-2015,2015-05-11T00:00:00,2025-11-13T08:26:19.922401,2025-11-20T00:45:56.980878,True,False,13744,0,0,True,0,
453,the-compensatory-afforestation-fund-bill-2015,"The Compensatory Afforestation Fund Bill, 2015","Environment, Forests and Climate Change",Passed,https://prsindia.org/billtrack/the-compensatory-afforestation-fund-bill-2015,2015-05-08T00:00:00,2025-11-13T08:26:19.922832,2025-11-20T00:45:58.150595,True,False,2157,0,0,True,0,
454,the-negotiable-instruments-amendment-bill-2015,"The Negotiable Instruments (Amendment) Bill, 2015",Finance,Withdrawn,https://prsindia.org/billtrack/the-negotiable-instruments-amendment-bill-2015,2015-05-06T00:00:00,2025-11-13T08:26:19.923243,2025-11-20T00:45:59.641604,True,False,2135,0,0,True,0,
455,the-homoeopathy-central-council-amendment-bill-2015,"The Homoeopathy Central Council (Amendment) Bill, 2015",Health,Withdrawn,https://prsindia.org/billtrack/the-homoeopathy-central-council-amendment-bill-2015,2015-05-06T00:00:00,2025-11-13T08:26:19.923657,2025-11-20T00:46:00.785894,True,False,1799,0,0,True,0,
456,the-national-waterways-bill-2015,"The National Waterways Bill, 2015",Water Resources,Passed,https://prsindia.org/billtrack/the-national-waterways-bill-2015,2015-05-05T00:00:00,2025-11-13T08:26:19.924085,2025-11-20T00:46:02.647881,True,False,1102,0,0,True,0,
457,the-commercial-courts-commercial-division-and-commercial-appellate-division-of-high-courts-bill-2015,"The Commercial Courts, Commercial Division and Commercial Appellate Division of High Courts Bill, 2015",Law and Justice,Withdrawn,https://prsindia.org/billtrack/the-commercial-courts-commercial-division-and-commercial-appellate-division-of-high-courts-bill-2015,2015-04-29T00:00:00,2025-11-13T08:26:19.924500,2025-11-20T00:46:03.918211,True,False,3965,0,0,True,0,
458,the-appropriation-acts-repeal-bill-2015,"The Appropriation Acts (Repeal) Bill, 2015",Law and Justice,Passed,https://prsindia.org/billtrack/the-appropriation-acts-repeal-bill-2015,2015-04-24T00:00:00,2025-11-13T08:26:19.924919,2025-11-20T00:46:05.818591,True,False,546,0,0,True,0,
459,the-micro-small-and-medium-enterprises-development-amendment-bill-2015,"The Micro, Small and Medium Enterprises Development (Amendment) Bill, 2015",Medium Small and Medium Enterprises (MSME),Withdrawn,https://prsindia.org/billtrack/the-micro-small-and-medium-enterprises-development-amendment-bill-2015,2015-04-20T00:00:00,2025-11-13T08:26:19.925324,2025-11-20T00:46:07.118662,True,False,2286,0,0,True,0,
460,the-right-to-fair-compensation-and-transparency-in-land-acquisition-rehabilitation-and-resettlement-amendment-ordinance-2015,"The Right to Fair Compensation and Transparency in Land Acquisition, Rehabilitation and Resettlement (Amendment) Ordinance, 2015",Law and Justice,Lapsed,https://prsindia.org/billtrack/the-right-to-fair-compensation-and-transparency-in-land-acquisition-rehabilitation-and-resettlement-amendment-ordinance-2015,,2025-11-13T08:26:19.925834,2025-11-20T00:46:09.111133,True,False,4296,0,0,True,0,
461,the-right-to-fair-compensation-and-transparency-in-land-acquisition-rehabilitation-and-resettlement-amendment-second-ordinance-2015,"The Right to Fair Compensation and Transparency in Land Acquisition, Rehabilitation and Resettlement (Amendment) Second Ordinance, 2015",Law and Justice,Lapsed,https://prsindia.org/billtrack/the-right-to-fair-compensation-and-transparency-in-land-acquisition-rehabilitation-and-resettlement-amendment-second-ordinance-2015,,2025-11-13T08:26:19.926290,2025-11-20T00:46:10.247343,True,False,1139,0,0,True,0,
462,the-undisclosed-foreign-income-and-assets-imposition-of-tax-bill-2015,"The Undisclosed Foreign Income and Assets (Imposition of Tax) Bill, 2015",Finance,Passed,https://prsindia.org/billtrack/the-undisclosed-foreign-income-and-assets-imposition-of-tax-bill-2015,2015-03-20T00:00:00,2025-11-13T08:26:19.926710,2025-11-20T00:46:11.761248,True,False,3461,0,0,True,0,
463,the-warehousing-corporations-amendment-bill-2015,"The Warehousing Corporations (Amendment) Bill, 2015",Consumer Affairs and Food Distribution,Passed,https://prsindia.org/billtrack/the-warehousing-corporations-amendment-bill-2015,2015-03-03T00:00:00,2025-11-13T08:26:19.927122,2025-11-20T00:46:12.910851,True,False,1358,0,0,True,0,
464,the-insurance-laws-amendment-bill-2015,"The Insurance Laws (Amendment) Bill, 2015",Finance,Passed,https://prsindia.org/billtrack/the-insurance-laws-amendment-bill-2015,2015-03-03T00:00:00,2025-11-13T08:26:19.927529,2025-11-20T00:46:14.131608,True,False,1197,0,0,True,0,
465,the-coal-mines-special-provision-bill-2015,"The Coal Mines (Special Provision) Bill, 2015",Mines,Passed,https://prsindia.org/billtrack/the-coal-mines-special-provision-bill-2015,2015-03-02T00:00:00,2025-11-13T08:26:19.927944,2025-11-20T00:46:15.288977,True,False,1110,0,0,True,0,
466,the-motor-vehicles-amendment-bill-2015,"The Motor Vehicles (Amendment) Bill, 2015",Roads,Passed,https://prsindia.org/billtrack/the-motor-vehicles-amendment-bill-2015,2015-03-02T00:00:00,2025-11-13T08:26:19.928402,2025-11-20T00:46:16.454250,True,False,1070,0,0,True,0,
467,the-andhra-pradesh-reorganisation-amendment-bill-2015,"The Andhra Pradesh Reorganisation (Amendment) Bill, 2015",Home Affairs,Passed,https://prsindia.org/billtrack/the-andhra-pradesh-reorganisation-amendment-bill-2015,2015-03-02T00:00:00,2025-11-13T08:26:19.928813,2025-11-20T00:46:17.647074,True,False,2504,0,0,True,0,
468,the-citizenship-amendment-bill-2015,"The Citizenship (Amendment) Bill, 2015",Home Affairs,Passed,https://prsindia.org/billtrack/the-citizenship-amendment-bill-2015,2015-02-27T00:00:00,2025-11-13T08:26:19.929243,2025-11-20T00:46:18.842865,True,False,4260,0,0,True,0,
469,the-right-to-fair-compensation-and-transparency-in-land-acquisition-rehabilitation-and-resettlement-amendment-bill-2015,"The Right to Fair Compensation and Transparency in Land Acquisition, Rehabilitation and Resettlement (Amendment) Bill, 2015",Rural Development,Lapsed,https://prsindia.org/billtrack/the-right-to-fair-compensation-and-transparency-in-land-acquisition-rehabilitation-and-resettlement-amendment-bill-2015,2015-02-24T00:00:00,2025-11-13T08:26:19.929665,2025-11-20T00:46:20.032462,True,False,5162,0,0,True,0,
470,the-mines-and-minerals-development-and-regulation-amendment-bill-2015,"The Mines and Minerals (Development and Regulation) Amendment Bill, 2015",Mines,Passed,https://prsindia.org/billtrack/the-mines-and-minerals-development-and-regulation-amendment-bill-2015,2015-02-24T00:00:00,2025-11-13T08:26:19.930091,2025-11-20T00:46:21.175303,True,False,4348,0,0,True,0,
471,the-mines-and-minerals-development-and-regulation-amendment-ordinance-2015,"The Mines and Minerals (Development and Regulation) Amendment Ordinance, 2015",Mines,Replaced by an Act,https://prsindia.org/billtrack/the-mines-and-minerals-development-and-regulation-amendment-ordinance-2015,,2025-11-13T08:26:19.930521,2025-11-20T00:46:22.337975,True,False,5249,0,0,True,0,
472,the-right-to-fair-compensation-and-transparency-in-land-acquisition-rehabilitation-and-resettlement-amendment-ordinance-2014,"The Right to Fair Compensation and Transparency in Land Acquisition, Rehabilitation and Resettlement (Amendment) Ordinance, 2014",Rural Development,Lapsed,https://prsindia.org/billtrack/the-right-to-fair-compensation-and-transparency-in-land-acquisition-rehabilitation-and-resettlement-amendment-ordinance-2014,,2025-11-13T08:26:19.930930,2025-11-20T00:46:23.519958,True,False,4940,0,0,True,0,
473,the-citizenship-amendment-bill-2014,"The Citizenship (Amendment) Bill, 2014",Unknown,Withdrawn,https://prsindia.org/billtrack/the-citizenship-amendment-bill-2014,2014-12-23T00:00:00,2025-11-13T08:26:19.931358,2025-11-20T00:46:24.666580,True,False,4267,0,0,True,0,
474,the-electricity-amendment-bill-2014,"The Electricity (Amendment) Bill, 2014",Power,Lapsed,https://prsindia.org/billtrack/the-electricity-amendment-bill-2014,2014-12-19T00:00:00,2025-11-13T08:26:19.931772,2025-11-20T00:46:26.153167,True,False,26128,0,0,True,0,
475,the-constitution-122nd-amendment-gst-bill-2014,"The Constitution (122nd Amendment) (GST) Bill, 2014",Finance,Passed,https://prsindia.org/billtrack/the-constitution-122nd-amendment-gst-bill-2014,2014-12-19T00:00:00,2025-11-13T08:26:19.932202,2025-11-20T00:46:27.320211,True,False,2164,0,0,True,0,
476,the-regional-rural-banks-amendment-bill-2014,"The Regional Rural Banks (Amendment) Bill, 2014",Finance,Passed,https://prsindia.org/billtrack/the-regional-rural-banks-amendment-bill-2014,2014-12-18T00:00:00,2025-11-13T08:26:19.932622,2025-11-20T00:46:28.559831,True,False,4294,0,0,True,0,
477,the-lokpal-and-lokayuktas-and-other-related-law-amendment-bill-2014,"The Lokpal and Lokayuktas and other related Law (Amendment) Bill, 2014","Personnel, Grievances and Pensions",Lapsed,https://prsindia.org/billtrack/the-lokpal-and-lokayuktas-and-other-related-law-amendment-bill-2014,2014-12-18T00:00:00,2025-11-13T08:26:19.933031,2025-11-20T00:46:29.704898,True,False,4889,0,0,True,0,
478,the-anti-hijacking-bill-2014,"The Anti-Hijacking Bill, 2014",Civil Aviation,Passed,https://prsindia.org/billtrack/the-anti-hijacking-bill-2014,2014-12-17T00:00:00,2025-11-13T08:26:19.933448,2025-11-20T00:46:30.831259,True,False,4804,0,0,True,0,
479,the-national-capital-territory-of-delhi-laws-special-provisions-amendment-bill-2014,"The National Capital Territory of Delhi Laws (Special Provisions) Amendment Bill, 2014",Urban Development,Passed,https://prsindia.org/billtrack/the-national-capital-territory-of-delhi-laws-special-provisions-amendment-bill-2014,2014-12-15T00:00:00,2025-11-13T08:26:19.933868,2025-11-20T00:46:31.948592,True,False,2145,0,0,True,0,
480,the-motor-vehicles-amendment-bill-2014,"The Motor Vehicles (Amendment) Bill, 2014",Roads,Withdrawn,https://prsindia.org/billtrack/the-motor-vehicles-amendment-bill-2014,2014-12-15T00:00:00,2025-11-13T08:26:19.934316,2025-11-20T00:46:33.064152,True,False,2557,0,0,True,0,
481,the-motor-vehicles-amendment-ordinance-2015,"The Motor Vehicles (Amendment) Ordinance, 2015",Road Transport and Highways,Replaced by an Act,https://prsindia.org/billtrack/the-motor-vehicles-amendment-ordinance-2015,,2025-11-13T08:26:19.934732,2025-11-20T00:46:34.199923,True,False,2553,0,0,True,0,
482,the-companies-amendment-bill-2014,"The Companies (Amendment) Bill, 2014",Corporate Affairs,Passed,https://prsindia.org/billtrack/the-companies-amendment-bill-2014,2014-12-12T00:00:00,2025-11-13T08:26:19.935141,2025-11-20T00:46:35.396730,True,False,4590,0,0,True,0,
483,the-public-premises-eviction-of-unauthorised-occupants-amendment-bill-2014,"The Public Premises (Eviction of Unauthorised Occupants) Amendment Bill, 2014",Urban Development,Passed,https://prsindia.org/billtrack/the-public-premises-eviction-of-unauthorised-occupants-amendment-bill-2014,2014-12-11T00:00:00,2025-11-13T08:26:19.935553,2025-11-20T00:46:36.824939,True,False,4156,0,0,True,0,
484,the-coal-mines-special-provisions-bill-2014,"The Coal Mines (Special Provisions) Bill, 2014",Coal,Withdrawn,https://prsindia.org/billtrack/the-coal-mines-special-provisions-bill-2014,2014-12-10T00:00:00,2025-11-13T08:26:19.935978,2025-11-20T00:46:38.067096,True,False,4668,0,0,True,0,
485,the-coal-mines-special-provisions-second-ordinance-2014,"The Coal Mines (Special Provisions) Second Ordinance, 2014",Coal,Replaced by an Act,https://prsindia.org/billtrack/the-coal-mines-special-provisions-second-ordinance-2014,,2025-11-13T08:26:19.936726,2025-11-20T00:46:39.324185,True,False,4668,0,0,True,0,
486,the-payment-and-settlement-systems-amendment-bill-2014,"The Payment and Settlement Systems (Amendment) Bill, 2014",Finance,Passed,https://prsindia.org/billtrack/the-payment-and-settlement-systems-amendment-bill-2014,2014-12-08T00:00:00,2025-11-13T08:26:19.937636,2025-11-20T00:46:40.542875,True,False,4660,0,0,True,0,
487,the-repealing-and-amending-second-bill-2014,"The Repealing and Amending (Second) Bill, 2014",Law and Justice,Passed,https://prsindia.org/billtrack/the-repealing-and-amending-second-bill-2014,2014-12-03T00:00:00,2025-11-13T08:26:19.938379,2025-11-20T00:46:42.115087,True,False,1585,0,0,True,0,
488,the-school-of-planning-and-architecture-bill-2014,"The School of Planning and Architecture Bill, 2014",Human Resource Development,Passed,https://prsindia.org/billtrack/the-school-of-planning-and-architecture-bill-2014,2014-12-02T00:00:00,2025-11-13T08:26:19.939121,2025-11-20T00:46:43.570729,True,False,4033,0,0,True,0,
489,the-textile-undertakings-nationalisation-laws-amendment-and-validation-bill-2014,"The Textile Undertakings (Nationalisation) Laws (Amendment and Validation) Bill, 2014",Textile,Passed,https://prsindia.org/billtrack/the-textile-undertakings-nationalisation-laws-amendment-and-validation-bill-2014,2014-12-01T00:00:00,2025-11-13T08:26:19.939851,2025-11-20T00:46:44.743058,True,False,3391,0,0,True,0,
490,the-delhi-special-police-establishment-amendment-bill-2014,"The Delhi Special Police Establishment (Amendment) Bill, 2014","Personnel, Grievances and Pensions",Passed,https://prsindia.org/billtrack/the-delhi-special-police-establishment-amendment-bill-2014,2014-11-25T00:00:00,2025-11-13T08:26:19.940642,2025-11-20T00:46:46.126355,True,False,1742,0,0,True,0,
491,the-central-universities-amendment-bill-2014,"The Central Universities (Amendment) Bill, 2014",Human Resource Development,Passed,https://prsindia.org/billtrack/the-central-universities-amendment-bill-2014,2014-08-14T00:00:00,2025-11-13T08:26:19.941331,2025-11-20T00:46:47.283286,True,False,1621,0,0,True,0,
492,the-juvenile-justice-care-and-protection-of-children-bill-2014,"The Juvenile Justice (Care and Protection of Children) Bill, 2014",Women and Child Development,Passed,https://prsindia.org/billtrack/the-juvenile-justice-care-and-protection-of-children-bill-2014,2014-08-12T00:00:00,2025-11-13T08:26:19.942031,2025-11-20T00:46:48.464536,True,False,2376,0,0,True,0,
493,the-indian-institutes-of-information-technology-bill-2014,"The Indian Institutes of Information Technology Bill, 2014",Human Resource Development,Passed,https://prsindia.org/billtrack/the-indian-institutes-of-information-technology-bill-2014,2014-08-12T00:00:00,2025-11-13T08:26:19.942792,2025-11-20T00:46:49.936186,True,False,4222,0,0,True,0,
494,the-constitution-scheduled-castes-orders-amendment-bill-2014-712,"The Constitution (Scheduled Castes) Orders (Amendment) Bill, 2014",Social Justice and Welfare,Passed,https://prsindia.org/billtrack/the-constitution-scheduled-castes-orders-amendment-bill-2014-712,2014-08-11T00:00:00,2025-11-13T08:26:19.943445,2025-11-20T00:46:51.329402,True,False,1756,0,0,True,0,
495,the-national-judicial-appointments-commission-bill-2014,"The National Judicial Appointments Commission Bill, 2014",Law and Justice,Passed,https://prsindia.org/billtrack/the-national-judicial-appointments-commission-bill-2014,2014-08-11T00:00:00,2025-11-13T08:26:19.944177,2025-11-20T00:46:52.848243,True,False,3765,0,0,True,0,
496,the-repealing-and-amending-bill-2014,"The Repealing and Amending Bill, 2014",Law and Justice,Passed,https://prsindia.org/billtrack/the-repealing-and-amending-bill-2014,2014-08-11T00:00:00,2025-11-13T08:26:19.944832,2025-11-20T00:46:54.107937,True,False,1801,0,0,True,0,
497,the-constitution-121st-amendment-bill-2014,"The Constitution (121st Amendment) Bill, 2014",Law and Justice,Passed,https://prsindia.org/billtrack/the-constitution-121st-amendment-bill-2014,2014-08-11T00:00:00,2025-11-13T08:26:19.945275,2025-11-20T00:46:55.296694,True,False,3254,0,0,True,0,
498,the-factories-amendment-bill-2014,"The Factories (Amendment) Bill, 2014",Labour,Lapsed,https://prsindia.org/billtrack/the-factories-amendment-bill-2014,2014-08-07T00:00:00,2025-11-13T08:26:19.945694,2025-11-20T00:46:56.448443,True,False,4991,0,0,True,0,
499,the-apprentices-amendment-bill-2014,"The Apprentices (Amendment) Bill, 2014",Labour,Passed,https://prsindia.org/billtrack/the-apprentices-amendment-bill-2014,2014-08-07T00:00:00,2025-11-13T08:26:19.946109,2025-11-20T00:46:57.587288,True,False,4660,0,0,True,0,
500,the-railways-amendment-bill-2014,"The Railways (Amendment) Bill, 2014",Railways,Withdrawn,https://prsindia.org/billtrack/the-railways-amendment-bill-2014,2014-08-07T00:00:00,2025-11-13T08:26:19.946542,2025-11-20T00:47:00.898000,True,False,1042,0,0,True,0,
501,the-securities-laws-amendment-bill-2014,"The Securities Laws (Amendment) Bill, 2014",Finance,Passed,https://prsindia.org/billtrack/the-securities-laws-amendment-bill-2014,2014-08-04T00:00:00,2025-11-13T08:26:19.946962,2025-11-20T00:47:03.882763,True,False,1145,0,0,True,0,
502,the-scheduled-castes-and-the-scheduled-tribes-prevention-of-atrocities-amendment-bill-2014,"The Scheduled Castes and the Scheduled Tribes (Prevention of Atrocities) Amendment Bill, 2014",Social Justice and Welfare,Passed,https://prsindia.org/billtrack/the-scheduled-castes-and-the-scheduled-tribes-prevention-of-atrocities-amendment-bill-2014,2014-07-16T00:00:00,2025-11-13T08:26:19.947379,2025-11-20T00:47:05.078493,True,False,5093,0,0,True,0,
503,the-telecom-regulatory-authority-of-india-amendment-bill-2014,"The Telecom Regulatory Authority of India (Amendment) Bill, 2014",Communication and IT,Passed,https://prsindia.org/billtrack/the-telecom-regulatory-authority-of-india-amendment-bill-2014,2014-07-11T00:00:00,2025-11-13T08:26:19.947807,2025-11-20T00:47:06.269759,True,False,2114,0,0,True,0,
504,the-andhra-pradesh-reorganisation-amendment-bill-2014,"The Andhra Pradesh Reorganisation (Amendment) Bill, 2014",Home Affairs,Passed,https://prsindia.org/billtrack/the-andhra-pradesh-reorganisation-amendment-bill-2014,2014-07-08T00:00:00,2025-11-13T08:26:19.948245,2025-11-20T00:47:07.439466,True,False,1124,0,0,True,0,
505,the-tribunals-appellate-tribunals-and-other-authorities-conditions-of-service-bill-2014,"The Tribunals, Appellate Tribunals and Other Authorities (Conditions of Service) Bill, 2014",Law and Justice,Withdrawn,https://prsindia.org/billtrack/the-tribunals-appellate-tribunals-and-other-authorities-conditions-of-service-bill-2014,2014-02-19T00:00:00,2025-11-13T08:26:19.948666,2025-11-20T00:47:08.629157,True,False,2086,0,0,True,0,
506,the-food-safety-and-standards-amendment-bill-2014,"The Food Safety and Standards (Amendment) Bill, 2014",Health,Withdrawn,https://prsindia.org/billtrack/the-food-safety-and-standards-amendment-bill-2014,2014-02-19T00:00:00,2025-11-13T08:26:19.949082,2025-11-20T00:47:09.774854,True,False,1895,0,0,True,0,
507,the-delhi-hotels-control-of-accommodation-repeal-bill-2014,"The Delhi Hotels (Control of Accommodation) Repeal Bill, 2014",Urban Development,Withdrawn,https://prsindia.org/billtrack/the-delhi-hotels-control-of-accommodation-repeal-bill-2014,2014-02-18T00:00:00,2025-11-13T08:26:19.949492,2025-11-20T00:47:10.920571,True,False,1457,0,0,True,0,
508,the-waqf-properties-eviction-of-unauthorised-occupants-bill-2014,"The Waqf Properties (Eviction of Unauthorised Occupants) Bill, 2014",Minority Affairs,Withdrawn,https://prsindia.org/billtrack/the-waqf-properties-eviction-of-unauthorised-occupants-bill-2014,2014-02-18T00:00:00,2025-11-13T08:26:19.949917,2025-11-20T00:47:12.068226,True,False,3800,0,0,True,0,
509,the-delhi-high-court-amendment-bill-2014,"The Delhi High Court (Amendment) Bill, 2014",Law and Justice,Passed,https://prsindia.org/billtrack/the-delhi-high-court-amendment-bill-2014,2014-02-17T00:00:00,2025-11-13T08:26:19.950426,2025-11-20T00:47:18.654014,True,False,1309,0,0,True,0,
510,the-andhra-pradesh-reorganisation-bill-2014-telangana,"The Andhra Pradesh Reorganisation Bill, 2014 (Telangana)",Home Affairs,Passed,https://prsindia.org/billtrack/the-andhra-pradesh-reorganisation-bill-2014-telangana,2014-02-13T00:00:00,2025-11-13T08:26:19.950861,2025-11-20T00:47:19.799952,True,False,4415,0,0,True,0,
511,the-constitution-scheduled-castes-orders-amendment-bill-2014,"The Constitution (Scheduled Castes) Orders (Amendment) Bill, 2014",Social Justice and Welfare,Passed,https://prsindia.org/billtrack/the-constitution-scheduled-castes-orders-amendment-bill-2014,2014-02-11T00:00:00,2025-11-13T08:26:19.951274,2025-11-20T00:47:21.036002,True,False,1762,0,0,True,0,
512,the-acquisition-of-certain-area-in-mumbai-for-dr-bhimrao-ambedkar-memorial-bill-2014,"The Acquisition of Certain Area in Mumbai for Dr. Bhimrao Ambedkar Memorial Bill, 2014",Textile,Lapsed,https://prsindia.org/billtrack/the-acquisition-of-certain-area-in-mumbai-for-dr-bhimrao-ambedkar-memorial-bill-2014,2014-02-11T00:00:00,2025-11-13T08:26:19.951716,2025-11-20T00:47:22.183715,True,False,2458,0,0,True,0,
513,the-human-immunodeficiency-virus-and-acquired-immune-deficiency-syndrome-prevention-and-control-bill-2014,"The Human Immunodeficiency Virus And Acquired Immune Deficiency Syndrome (Prevention And Control) Bill, 2014",Health,Passed,https://prsindia.org/billtrack/the-human-immunodeficiency-virus-and-acquired-immune-deficiency-syndrome-prevention-and-control-bill-2014,2014-02-11T00:00:00,2025-11-13T08:26:19.952424,2025-11-20T00:47:25.248670,True,False,4844,0,0,True,0,
514,the-right-of-persons-with-disabilities-bill-2014,"The Right of Persons with Disabilities Bill, 2014",Social Justice and Welfare,Passed,https://prsindia.org/billtrack/the-right-of-persons-with-disabilities-bill-2014,2014-02-07T00:00:00,2025-11-13T08:26:19.953186,2025-11-20T00:47:26.518299,True,False,2229,0,0,True,0,
515,the-constitution-119th-amendment-bill-2013,"The Constitution (119th Amendment) Bill, 2013",External Affairs,Passed,https://prsindia.org/billtrack/the-constitution-119th-amendment-bill-2013,2013-12-18T00:00:00,2025-11-13T08:26:19.954187,2025-11-20T00:47:27.980936,True,False,2173,0,0,True,0,
516,the-constitution-scheduled-tribes-order-second-amendment-bill-2013,"The Constitution (Scheduled Tribes) Order (Second Amendment) Bill, 2013",Unknown,Lapsed,https://prsindia.org/billtrack/the-constitution-scheduled-tribes-order-second-amendment-bill-2013,2013-12-17T00:00:00,2025-11-13T08:26:19.955215,2025-11-20T00:47:29.123388,True,False,1697,0,0,True,0,
517,the-coal-regulatory-authority-bill-2013,"The Coal Regulatory Authority Bill, 2013",Coal,Lapsed,https://prsindia.org/billtrack/the-coal-regulatory-authority-bill-2013,2013-12-13T00:00:00,2025-11-13T08:26:19.955878,2025-11-20T00:47:30.313334,True,False,4742,0,0,True,0,
518,the-scheduled-castes-and-the-scheduled-tribes-prevention-of-atrocities-amendment-bill-2013,"The Scheduled Castes and the Scheduled Tribes (Prevention of Atrocities) Amendment Bill, 2013",Social Justice and Welfare,Lapsed,https://prsindia.org/billtrack/the-scheduled-castes-and-the-scheduled-tribes-prevention-of-atrocities-amendment-bill-2013,2013-12-12T00:00:00,2025-11-13T08:26:19.956466,2025-11-20T00:47:31.831838,True,False,5040,0,0,True,0,
519,the-readjustment-of-representation-of-scheduled-castes-and-scheduled-tribes-in-parliamentary-and-assembly-constituencies-3rd-bill-2013,"The Readjustment of Representation of Scheduled Castes and Scheduled Tribes in Parliamentary and Assembly Constituencies (3rd) Bill, 2013",Law and Justice,Pending,https://prsindia.org/billtrack/the-readjustment-of-representation-of-scheduled-castes-and-scheduled-tribes-in-parliamentary-and-assembly-constituencies-3rd-bill-2013,2013-12-10T00:00:00,2025-11-13T08:26:19.957173,2025-11-20T00:47:32.974633,True,False,1127,0,0,True,0,
520,the-assam-legislative-council-bill-2013,"The Assam Legislative Council Bill, 2013",Law and Justice,Pending,https://prsindia.org/billtrack/the-assam-legislative-council-bill-2013,2013-12-10T00:00:00,2025-11-13T08:26:19.957878,2025-11-20T00:47:34.824189,True,False,2689,0,0,True,0,
521,the-representation-of-the-people-second-amendment-and-validation-bill-2013,"The Representation of the People (Second Amendment and Validation) Bill, 2013",Law and Justice,Withdrawn,https://prsindia.org/billtrack/the-representation-of-the-people-second-amendment-and-validation-bill-2013,2013-08-30T00:00:00,2025-11-13T08:26:19.958658,2025-11-20T00:47:36.010110,True,False,1904,0,0,True,0,
522,the-delhi-rent-repeal-bill-2013,"The Delhi Rent (Repeal) Bill, 2013",Urban Development,Pending,https://prsindia.org/billtrack/the-delhi-rent-repeal-bill-2013,2013-08-29T00:00:00,2025-11-13T08:26:19.959365,2025-11-20T00:47:37.128794,True,False,2025,0,0,True,0,
523,the-constitution-120th-amendment-bill-2013,"The Constitution (120th Amendment) Bill, 2013",Law and Justice,Lapsed,https://prsindia.org/billtrack/the-constitution-120th-amendment-bill-2013,2013-08-29T00:00:00,2025-11-13T08:26:19.959886,2025-11-20T00:47:38.544557,True,False,2269,0,0,True,0,
524,the-drugs-and-cosmetics-amendment-bill-2013,"The Drugs and Cosmetics (Amendment) Bill, 2013",Health,Withdrawn,https://prsindia.org/billtrack/the-drugs-and-cosmetics-amendment-bill-2013,2013-08-29T00:00:00,2025-11-13T08:26:19.960325,2025-11-20T00:47:40.502968,True,False,4312,0,0,True,0,
525,the-judicial-appointments-commission-bill-2013,"The Judicial Appointments Commission Bill, 2013",Law and Justice,Withdrawn,https://prsindia.org/billtrack/the-judicial-appointments-commission-bill-2013,2013-08-29T00:00:00,2025-11-13T08:26:19.960778,2025-11-20T00:47:41.992766,True,False,1923,0,0,True,0,
526,the-nalanda-university-amendment-bill-2013,"The Nalanda University (Amendment) Bill, 2013",External Affairs,Withdrawn,https://prsindia.org/billtrack/the-nalanda-university-amendment-bill-2013,2013-08-26T00:00:00,2025-11-13T08:26:19.961499,2025-11-20T00:47:43.148666,True,False,1762,0,0,True,0,
527,the-representation-of-the-people-amendment-and-validation-bill-2013,"The Representation of the People (Amendment and Validation) Bill, 2013",Law and Justice,Passed,https://prsindia.org/billtrack/the-representation-of-the-people-amendment-and-validation-bill-2013,2013-08-26T00:00:00,2025-11-13T08:26:19.962122,2025-11-20T00:47:44.304881,True,False,2738,0,0,True,0,
528,the-civil-aviation-authority-of-india-bill-2013,"The Civil Aviation Authority of India Bill, 2013",Civil Aviation,Lapsed,https://prsindia.org/billtrack/the-civil-aviation-authority-of-india-bill-2013,2013-08-20T00:00:00,2025-11-13T08:26:19.962728,2025-11-20T00:47:45.553339,True,False,2075,0,0,True,0,
529,the-indira-gandhi-national-university-for-women-bill-2013,"The Indira Gandhi National University for Women Bill, 2013",Human Resource Development,Lapsed,https://prsindia.org/billtrack/the-indira-gandhi-national-university-for-women-bill-2013,2013-08-20T00:00:00,2025-11-13T08:26:19.963188,2025-11-20T00:47:46.746618,True,False,1115,0,0,True,0,
530,the-rajiv-gandhi-national-aviation-university-bill-2013,"The Rajiv Gandhi National Aviation University Bill, 2013",Civil Aviation,Passed,https://prsindia.org/billtrack/the-rajiv-gandhi-national-aviation-university-bill-2013,2013-08-20T00:00:00,2025-11-13T08:26:19.963620,2025-11-20T00:47:48.173326,True,False,4067,0,0,True,0,
531,the-indian-medical-council-amendment-bill-2013-675,"The Indian Medical Council (Amendment) Bill, 2013",Health,Withdrawn,https://prsindia.org/billtrack/the-indian-medical-council-amendment-bill-2013-675,2013-08-19T00:00:00,2025-11-13T08:26:19.964034,2025-11-20T00:47:49.561948,True,False,2893,0,0,True,0,
532,the-mental-health-care-bill-2013,"The Mental Health Care Bill, 2013",Health,Passed,https://prsindia.org/billtrack/the-mental-health-care-bill-2013,2013-08-19T00:00:00,2025-11-13T08:26:19.964478,2025-11-20T00:47:52.881349,True,False,4648,0,0,True,0,
533,the-merchant-shipping-second-amendment-bill-2013,"The Merchant Shipping (Second Amendment) Bill, 2013",Shipping,Passed,https://prsindia.org/billtrack/the-merchant-shipping-second-amendment-bill-2013,2013-08-19T00:00:00,2025-11-13T08:26:19.964892,2025-11-20T00:47:54.108512,True,False,4501,0,0,True,0,
534,the-prevention-of-corruption-amendment-bill-2013,"The Prevention of Corruption (Amendment) Bill, 2013","Personnel, Grievances and Pensions",Passed,https://prsindia.org/billtrack/the-prevention-of-corruption-amendment-bill-2013,2013-08-19T00:00:00,2025-11-13T08:26:19.965303,2025-11-20T00:47:55.943163,True,False,24155,0,0,True,0,
535,the-real-estate-regulation-and-development-bill-2013,"The Real Estate (Regulation and Development) Bill, 2013",Housing and Urban Poverty Alleviation,Passed,https://prsindia.org/billtrack/the-real-estate-regulation-and-development-bill-2013,2013-08-14T00:00:00,2025-11-13T08:26:19.965725,2025-11-20T00:47:57.248894,True,False,2468,0,0,True,0,
536,the-securities-and-exchange-board-of-india-amendment-bill-2013-670,"The Securities and Exchange Board of India (Amendment) Bill, 2013",Finance,Passed,https://prsindia.org/billtrack/the-securities-and-exchange-board-of-india-amendment-bill-2013-670,2013-08-14T00:00:00,2025-11-13T08:26:19.966135,2025-11-20T00:47:58.791443,True,False,1833,0,0,True,0,
537,the-securities-laws-amendment-bill-2013,"The Securities Laws (Amendment) Bill, 2013",Finance,Lapsed,https://prsindia.org/billtrack/the-securities-laws-amendment-bill-2013,2013-08-12T00:00:00,2025-11-13T08:26:19.966578,2025-11-20T00:47:59.948917,True,False,2124,0,0,True,0,
538,the-right-to-information-amendment-bill-2013,"The Right to Information (Amendment) Bill, 2013","Personnel, Grievances and Pensions",Lapsed,https://prsindia.org/billtrack/the-right-to-information-amendment-bill-2013,2013-08-12T00:00:00,2025-11-13T08:26:19.966992,2025-11-20T00:48:01.065003,True,False,1717,0,0,True,0,
539,the-parliament-prevention-of-disqualification-amendment-bill-2013,"The Parliament (Prevention of Disqualification) Amendment Bill, 2013",Law and Justice,Passed,https://prsindia.org/billtrack/the-parliament-prevention-of-disqualification-amendment-bill-2013,2013-08-08T00:00:00,2025-11-13T08:26:19.967404,2025-11-20T00:48:02.859947,True,False,2311,0,0,True,0,
540,the-registration-amendment-bill-2013,"The Registration (Amendment) Bill, 2013",Rural Development,Pending,https://prsindia.org/billtrack/the-registration-amendment-bill-2013,2013-08-08T00:00:00,2025-11-13T08:26:19.967970,2025-11-20T00:48:04.099612,True,False,2962,0,0,True,0,
541,the-readjustment-of-representation-of-scheduled-castes-and-scheduled-tribes-in-parliamentary-and-assembly-constituencies-second-bill-2013,"The Readjustment of Representation of Scheduled Castes and Scheduled Tribes in Parliamentary and Assembly Constituencies (Second) Bill, 2013",Law and Justice,Withdrawn,https://prsindia.org/billtrack/the-readjustment-of-representation-of-scheduled-castes-and-scheduled-tribes-in-parliamentary-and-assembly-constituencies-second-bill-2013,2013-08-07T00:00:00,2025-11-13T08:26:19.968449,2025-11-20T00:48:05.266401,True,False,3146,0,0,True,0,
542,the-national-food-security-bill-2013,"The National Food Security Bill, 2013",Consumer Affairs and Food Distribution,Passed,https://prsindia.org/billtrack/the-national-food-security-bill-2013,2013-08-07T00:00:00,2025-11-13T08:26:19.968893,2025-11-20T00:48:06.383368,True,False,1120,0,0,True,0,
543,the-rajasthan-legislative-council-bill-2013,"The Rajasthan Legislative Council Bill, 2013",Law and Justice,Pending,https://prsindia.org/billtrack/the-rajasthan-legislative-council-bill-2013,2013-08-06T00:00:00,2025-11-13T08:26:19.969423,2025-11-20T00:48:07.778033,True,False,1309,0,0,True,0,
544,the-wild-life-protection-amendment-bill-2013,"The Wild Life Protection (Amendment) Bill, 2013",Environment and Forests,Withdrawn,https://prsindia.org/billtrack/the-wild-life-protection-amendment-bill-2013,2013-08-05T00:00:00,2025-11-13T08:26:19.970295,2025-11-20T00:48:09.270436,True,False,2372,0,0,True,0,
545,the-national-food-security-ordinance-2013,"The National Food Security Ordinance, 2013",Consumer Affairs and Food Distribution,Replaced by an Act,https://prsindia.org/billtrack/the-national-food-security-ordinance-2013,,2025-11-13T08:26:19.971038,2025-11-20T00:48:11.449218,True,False,1056,0,0,True,0,
546,the-indian-medical-council-amendment-ordinance-2013,"The Indian Medical Council (Amendment) Ordinance, 2013",Health,Lapsed,https://prsindia.org/billtrack/the-indian-medical-council-amendment-ordinance-2013,,2025-11-13T08:26:19.971507,2025-11-20T00:48:12.703742,True,False,2891,0,0,False,0,
547,the-national-bank-for-agriculture-and-rural-development-amendment-bill-2013,"The National Bank for Agriculture and Rural Development (Amendment) Bill, 2013",Finance,Lapsed,https://prsindia.org/billtrack/the-national-bank-for-agriculture-and-rural-development-amendment-bill-2013,2013-05-06T00:00:00,2025-11-13T08:26:19.971980,2025-11-20T00:48:13.863865,True,False,4031,0,0,True,0,
548,the-biotechnology-regulatory-authority-of-india-bill-2013,"The Biotechnology Regulatory Authority of India Bill, 2013",Science and Technology,Lapsed,https://prsindia.org/billtrack/the-biotechnology-regulatory-authority-of-india-bill-2013,2013-04-22T00:00:00,2025-11-13T08:26:19.972514,2025-11-20T00:48:15.010017,True,False,2055,0,0,True,0,
549,the-regional-rural-banks-amendment-bill-2013,"The Regional Rural Banks (Amendment) Bill, 2013",Finance,Lapsed,https://prsindia.org/billtrack/the-regional-rural-banks-amendment-bill-2013,2013-04-22T00:00:00,2025-11-13T08:26:19.972971,2025-11-20T00:48:16.410324,True,False,3652,0,0,True,0,
550,the-employment-exchanges-compulsory-notification-of-vacancies-amendment-bill-2013,"The Employment Exchanges (Compulsory Notification of Vacancies) Amendment Bill, 2013",Labour,Pending,https://prsindia.org/billtrack/the-employment-exchanges-compulsory-notification-of-vacancies-amendment-bill-2013,2013-04-22T00:00:00,2025-11-13T08:26:19.973418,2025-11-20T00:48:17.901494,True,False,3563,0,0,True,0,
551,the-national-waterway-lakhipur-bhanga-stretch-of-the-barak-river-bill-2013,"The National Waterway (Lakhipur-Bhanga Stretch of the Barak River) Bill, 2013",Shipping,Lapsed,https://prsindia.org/billtrack/the-national-waterway-lakhipur-bhanga-stretch-of-the-barak-river-bill-2013,2013-03-22T00:00:00,2025-11-13T08:26:19.973843,2025-11-20T00:48:19.412019,True,False,3224,0,0,True,0,
552,the-criminal-law-amendment-bill-2013,"The Criminal Law (Amendment) Bill, 2013",Home Affairs,Passed,https://prsindia.org/billtrack/the-criminal-law-amendment-bill-2013,2013-03-19T00:00:00,2025-11-13T08:26:19.974256,2025-11-20T00:48:20.621102,True,False,1197,0,0,True,0,
553,the-indian-medical-council-amendment-bill-2013,"The Indian Medical Council (Amendment) Bill, 2013",Health and Family Welfare,Withdrawn,https://prsindia.org/billtrack/the-indian-medical-council-amendment-bill-2013,2013-03-19T00:00:00,2025-11-13T08:26:19.974703,2025-11-20T00:48:21.944251,True,False,1000,0,0,True,0,
554,the-merchant-shipping-amendment-bill-2013,"The Merchant Shipping (Amendment) Bill, 2013",Shipping,Passed,https://prsindia.org/billtrack/the-merchant-shipping-amendment-bill-2013,2013-03-18T00:00:00,2025-11-13T08:26:19.975115,2025-11-20T00:48:23.120775,True,False,3686,0,0,True,0,
555,the-indian-institutes-of-information-technology-bill-2013,"The Indian Institutes of Information Technology Bill, 2013",Human Resource Development,Lapsed,https://prsindia.org/billtrack/the-indian-institutes-of-information-technology-bill-2013,2013-03-18T00:00:00,2025-11-13T08:26:19.975546,2025-11-20T00:48:24.331594,True,False,4297,0,0,True,0,
556,the-building-and-other-construction-workers-related-laws-amendment-bill-2013,"The Building and Other Construction Workers Related Laws (Amendment) Bill, 2013",Labour,Pending,https://prsindia.org/billtrack/the-building-and-other-construction-workers-related-laws-amendment-bill-2013,2013-03-18T00:00:00,2025-11-13T08:26:19.975977,2025-11-20T00:48:25.914814,True,False,3306,0,0,True,0,
557,the-north-eastern-council-amendment-bill-2013,"The North Eastern Council (Amendment) Bill, 2013",Home Affairs,Withdrawn,https://prsindia.org/billtrack/the-north-eastern-council-amendment-bill-2013,2013-03-11T00:00:00,2025-11-13T08:26:19.976415,2025-11-20T00:48:27.412771,True,False,3064,0,0,True,0,
558,the-agricultural-biosecurity-bill-2013,"The Agricultural Biosecurity Bill, 2013",Agriculture,Lapsed,https://prsindia.org/billtrack/the-agricultural-biosecurity-bill-2013,2013-03-11T00:00:00,2025-11-13T08:26:19.976837,2025-11-20T00:48:29.155420,True,False,2151,0,0,True,0,
559,the-national-institute-of-design-bill-2013,"The National Institute of Design Bill, 2013",Textile,Passed,https://prsindia.org/billtrack/the-national-institute-of-design-bill-2013,2013-03-11T00:00:00,2025-11-13T08:26:19.977246,2025-11-20T00:48:30.434444,True,False,4202,0,0,True,0,
560,the-national-institutes-of-technology-science-education-and-research-amendment-bill-2013,"The National Institutes of Technology, Science Education and Research (Amendment) Bill, 2013",Human Resource Development,Passed,https://prsindia.org/billtrack/the-national-institutes-of-technology-science-education-and-research-amendment-bill-2013,2013-03-04T00:00:00,2025-11-13T08:26:19.977663,2025-11-20T00:48:31.592408,True,False,2481,0,0,True,0,
561,the-readjustment-of-representation-of-scheduled-castes-and-scheduled-tribes-in-parliamentary-and-assembly-constituencies-bill-2013,"The Readjustment of Representation of Scheduled Castes and Scheduled Tribes in Parliamentary and Assembly Constituencies Bill, 2013",Law and Justice,Withdrawn,https://prsindia.org/billtrack/the-readjustment-of-representation-of-scheduled-castes-and-scheduled-tribes-in-parliamentary-and-assembly-constituencies-bill-2013,2013-02-26T00:00:00,2025-11-13T08:26:19.978086,2025-11-20T00:48:33.241960,True,False,3810,0,0,True,0,
562,the-securities-and-exchange-board-of-india-amendment-bill-2013,"The Securities and Exchange Board of India (Amendment) Bill, 2013",Finance,Withdrawn,https://prsindia.org/billtrack/the-securities-and-exchange-board-of-india-amendment-bill-2013,2013-02-26T00:00:00,2025-11-13T08:26:19.978525,2025-11-20T00:48:34.755703,True,False,1685,0,0,True,0,
563,the-constitution-scheduled-tribes-order-second-amendment-bill-2012,"The Constitution (Scheduled Tribes) Order (Second Amendment) Bill, 2012",Tribal Affairs,Passed,https://prsindia.org/billtrack/the-constitution-scheduled-tribes-order-second-amendment-bill-2012,2012-12-14T00:00:00,2025-11-13T08:26:19.978947,2025-11-20T00:48:36.106013,True,False,1555,0,0,True,0,
564,the-indecent-representation-of-women-prohibition-amendment-bill-2012,"The Indecent Representation of Women (Prohibition) Amendment Bill, 2012",Women and Child Development,Withdrawn,https://prsindia.org/billtrack/the-indecent-representation-of-women-prohibition-amendment-bill-2012,2012-12-13T00:00:00,2025-11-13T08:26:19.979368,2025-11-20T00:48:37.257410,True,False,2706,0,0,True,0,
565,the-competition-amendment-bill-2012,"The Competition (Amendment) Bill, 2012",Corporate Affairs,Lapsed,https://prsindia.org/billtrack/the-competition-amendment-bill-2012,2012-12-10T00:00:00,2025-11-13T08:26:19.979805,2025-11-20T00:48:38.377536,True,False,4371,0,0,True,0,
566,the-governors-emoluments-allowances-and-privileges-amendment-bill-2012,"The Governors (Emoluments, Allowances and Privileges) Amendment Bill, 2012",Home Affairs,Passed,https://prsindia.org/billtrack/the-governors-emoluments-allowances-and-privileges-amendment-bill-2012,2012-12-10T00:00:00,2025-11-13T08:26:19.980211,2025-11-20T00:48:39.501633,True,False,1522,0,0,True,0,
567,the-criminal-law-amendment-bill-2012,"The Criminal Law (Amendment) Bill, 2012",Home Affairs,Withdrawn,https://prsindia.org/billtrack/the-criminal-law-amendment-bill-2012,2012-12-04T00:00:00,2025-11-13T08:26:19.980651,2025-11-20T00:48:44.318128,True,False,2111,0,0,True,0,
568,the-child-labour-prohibition-and-regulation-amendment-bill-2012,"The Child Labour (Prohibition and Regulation) Amendment Bill, 2012",Labour,Passed,https://prsindia.org/billtrack/the-child-labour-prohibition-and-regulation-amendment-bill-2012,2012-12-04T00:00:00,2025-11-13T08:26:19.981066,2025-11-20T00:48:47.304681,True,False,2583,0,0,True,0,
569,the-central-universities-amendment-bill-2012,"The Central Universities (Amendment) Bill, 2012",Human Resource Development,Lapsed,https://prsindia.org/billtrack/the-central-universities-amendment-bill-2012,2012-11-26T00:00:00,2025-11-13T08:26:19.981477,2025-11-20T00:48:48.737065,True,False,1503,0,0,True,0,
570,the-coal-mines-conservation-and-development-amendment-bill-2012,"The Coal Mines (Conservation and Development) Amendment Bill, 2012",Mines,Lapsed,https://prsindia.org/billtrack/the-coal-mines-conservation-and-development-amendment-bill-2012,2012-11-22T00:00:00,2025-11-13T08:26:19.981902,2025-11-20T00:48:50.218751,True,False,1865,0,0,True,0,
571,the-constitution-118th-amendment-bill-2012-insertion-of-new-article-371j,"The Constitution (118th Amendment) Bill, 2012 (Insertion of new article 371J)",Home Affairs,Passed,https://prsindia.org/billtrack/the-constitution-118th-amendment-bill-2012-insertion-of-new-article-371j,2012-09-07T00:00:00,2025-11-13T08:26:19.982311,2025-11-20T00:48:52.202064,True,False,2113,0,0,True,0,
572,the-scheduled-tribes-and-other-traditional-forest-dwellers-recognition-of-forest-rights-amendment-rules-2012,"The Scheduled Tribes and Other Traditional Forest Dwellers (Recognition of Forest Rights) Amendment Rules, 2012",Tribal Affairs,Rules,https://prsindia.org/billtrack/the-scheduled-tribes-and-other-traditional-forest-dwellers-recognition-of-forest-rights-amendment-rules-2012,,2025-11-13T08:26:19.982771,2025-11-20T00:48:53.425329,True,False,1064,0,0,True,0,
573,the-street-vendors-protection-of-livelihood-and-regulation-of-street-vending-bill-2012,"The Street Vendors (Protection of Livelihood and Regulation of Street Vending) Bill, 2012",Housing and Urban Poverty Alleviation,Passed,https://prsindia.org/billtrack/the-street-vendors-protection-of-livelihood-and-regulation-of-street-vending-bill-2012,2012-09-06T00:00:00,2025-11-13T08:26:19.983299,2025-11-20T00:48:54.614131,True,False,2096,0,0,True,0,
574,the-constitution-117th-amendment-bill-2012,"The Constitution (117th Amendment) Bill, 2012","Personnel, Grievances and Pensions",Lapsed,https://prsindia.org/billtrack/the-constitution-117th-amendment-bill-2012,2012-09-05T00:00:00,2025-11-13T08:26:19.983758,2025-11-20T00:48:55.863362,True,False,2598,0,0,True,0,
575,the-prohibition-of-employment-as-manual-scavengers-and-their-rehabilitation-bill-2012,"The Prohibition of Employment as Manual Scavengers and their Rehabilitation Bill, 2012",Social Justice and Welfare,Passed,https://prsindia.org/billtrack/the-prohibition-of-employment-as-manual-scavengers-and-their-rehabilitation-bill-2012,2012-09-03T00:00:00,2025-11-13T08:26:19.984190,2025-11-20T00:48:57.059427,True,False,1845,0,0,True,0,
576,the-all-india-institute-of-medical-sciences-amendment-bill-2012,"The All-India Institute of Medical Sciences (Amendment) Bill, 2012",Health,Passed,https://prsindia.org/billtrack/the-all-india-institute-of-medical-sciences-amendment-bill-2012,2012-08-27T00:00:00,2025-11-13T08:26:19.984650,2025-11-20T00:48:58.180068,True,False,1107,0,0,True,0,
577,the-armed-forces-tribunal-amendment-bill-2012,"The Armed Forces Tribunal (Amendment) Bill, 2012",Defence,Withdrawn,https://prsindia.org/billtrack/the-armed-forces-tribunal-amendment-bill-2012,2012-08-13T00:00:00,2025-11-13T08:26:19.985078,2025-11-20T00:48:59.351560,True,False,2469,0,0,True,0,
578,the-micro-finance-institutions-development-and-regulation-bill-2012,"The Micro Finance Institutions (Development and Regulation) Bill, 2012",Finance,Lapsed,https://prsindia.org/billtrack/the-micro-finance-institutions-development-and-regulation-bill-2012,2012-05-22T00:00:00,2025-11-13T08:26:19.985537,2025-11-20T00:49:00.577207,True,False,1887,0,0,True,0,
579,the-small-industries-development-bank-of-india-amendment-bill-2012,"The Small Industries Development Bank of India (Amendment) Bill, 2012",Finance,Lapsed,https://prsindia.org/billtrack/the-small-industries-development-bank-of-india-amendment-bill-2012,2012-05-22T00:00:00,2025-11-13T08:26:19.986292,2025-11-20T00:49:01.747000,True,False,4710,0,0,True,0,
580,the-rani-lakshmi-bai-central-agricultural-university-bill-2012,"The Rani Lakshmi Bai Central Agricultural University Bill, 2012",Agriculture,Passed,https://prsindia.org/billtrack/the-rani-lakshmi-bai-central-agricultural-university-bill-2012,2012-05-22T00:00:00,2025-11-13T08:26:19.987037,2025-11-20T00:49:02.878014,True,False,4024,0,0,True,0,
581,the-constitution-scheduled-castes-order-amendment-bill-2012,"The Constitution (Scheduled Castes) Order (Amendment) Bill, 2012",Social Justice and Welfare,Lapsed,https://prsindia.org/billtrack/the-constitution-scheduled-castes-order-amendment-bill-2012,2012-05-21T00:00:00,2025-11-13T08:26:19.987813,2025-11-20T00:49:04.013303,True,False,1174,0,0,True,0,
582,the-universities-for-research-and-innovation-bill-2012,"The Universities for Research and Innovation Bill, 2012",Human Resource Development,Lapsed,https://prsindia.org/billtrack/the-universities-for-research-and-innovation-bill-2012,2012-05-21T00:00:00,2025-11-13T08:26:19.988321,2025-11-20T00:49:05.113628,True,False,2068,0,0,True,0,
583,the-national-co-operative-development-corporation-amendment-bill-2012,"The National Co-operative Development Corporation (Amendment) Bill, 2012",Agriculture,Lapsed,https://prsindia.org/billtrack/the-national-co-operative-development-corporation-amendment-bill-2012,2012-05-17T00:00:00,2025-11-13T08:26:19.988850,2025-11-20T00:49:06.207560,True,False,2629,0,0,True,0,
584,the-public-procurement-bill-2012,"The Public Procurement Bill, 2012",Finance,Lapsed,https://prsindia.org/billtrack/the-public-procurement-bill-2012,2012-05-14T00:00:00,2025-11-13T08:26:19.989285,2025-11-20T00:49:07.401185,True,False,2199,0,0,True,0,
585,the-registration-of-births-and-deaths-amendment-bill-2012,"The Registration of Births and Deaths (Amendment) Bill, 2012",Law and Justice,Lapsed,https://prsindia.org/billtrack/the-registration-of-births-and-deaths-amendment-bill-2012,2012-05-07T00:00:00,2025-11-13T08:26:19.989695,2025-11-20T00:49:08.517206,True,False,3350,0,0,True,0,
586,the-anand-marriage-amendment-bill-2012,"The Anand Marriage (Amendment) Bill, 2012",Law and Justice,Passed,https://prsindia.org/billtrack/the-anand-marriage-amendment-bill-2012,2012-05-07T00:00:00,2025-11-13T08:26:19.990135,2025-11-20T00:49:10.396713,True,False,997,0,0,True,0,
587,the-tamil-nadu-legislative-council-repeal-bill-2012,"The Tamil Nadu Legislative Council (Repeal) Bill, 2012",Law and Justice,Pending,https://prsindia.org/billtrack/the-tamil-nadu-legislative-council-repeal-bill-2012,2012-05-04T00:00:00,2025-11-13T08:26:19.990586,2025-11-20T00:49:11.514048,True,False,1973,0,0,True,0,
588,the-bureau-of-indian-standards-amendment-bill-2012,"The Bureau of Indian Standards (Amendment) Bill, 2012",Consumer Affairs and Food Distribution,Lapsed,https://prsindia.org/billtrack/the-bureau-of-indian-standards-amendment-bill-2012,2012-05-03T00:00:00,2025-11-13T08:26:19.991009,2025-11-20T00:49:12.630336,True,False,3785,0,0,True,0,
589,the-indian-medical-council-amendment-bill-2012,"The Indian Medical Council (Amendment) Bill, 2012",Health,Passed,https://prsindia.org/billtrack/the-indian-medical-council-amendment-bill-2012,2012-05-03T00:00:00,2025-11-13T08:26:19.991422,2025-11-20T00:49:13.816467,True,False,1006,0,0,True,0,
590,the-national-housing-bank-amendment-bill-2012,"The National Housing Bank (Amendment) Bill, 2012",Finance,Lapsed,https://prsindia.org/billtrack/the-national-housing-bank-amendment-bill-2012,2012-04-30T00:00:00,2025-11-13T08:26:19.991831,2025-11-20T00:49:15.007790,True,False,4260,0,0,True,0,
591,the-administrative-tribunals-amendment-bill-2012,"The Administrative Tribunals (Amendment) Bill, 2012","Personnel, Grievances and Pensions",Lapsed,https://prsindia.org/billtrack/the-administrative-tribunals-amendment-bill-2012,2012-04-27T00:00:00,2025-11-13T08:26:19.992263,2025-11-20T00:49:16.176824,True,False,2590,0,0,True,0,
592,the-north-eastern-areas-reorganisation-and-other-related-laws-amendment-bill-2012,"The North-Eastern Areas (Reorganisation) and Other Related Laws (Amendment) Bill, 2012",Home Affairs,Passed,https://prsindia.org/billtrack/the-north-eastern-areas-reorganisation-and-other-related-laws-amendment-bill-2012,2012-04-26T00:00:00,2025-11-13T08:26:19.992697,2025-11-20T00:49:17.603388,True,False,2061,0,0,True,0,
593,the-piracy-bill-2012,"The Piracy Bill, 2012",External Affairs,Lapsed,https://prsindia.org/billtrack/the-piracy-bill-2012,2012-04-24T00:00:00,2025-11-13T08:26:19.993119,2025-11-20T00:49:18.719118,True,False,2256,0,0,True,0,
594,the-indian-forest-amendment-bill-2012,"The Indian Forest (Amendment) Bill, 2012",Environment and Forests,Withdrawn,https://prsindia.org/billtrack/the-indian-forest-amendment-bill-2012,2012-03-26T00:00:00,2025-11-13T08:26:19.993539,2025-11-20T00:49:19.835300,True,False,2095,0,0,True,0,
595,the-unlawful-activities-prevention-amendment-bill-2011,"The Unlawful Activities (Prevention) Amendment Bill, 2011",Home Affairs,Passed,https://prsindia.org/billtrack/the-unlawful-activities-prevention-amendment-bill-2011,2011-12-29T00:00:00,2025-11-13T08:26:19.993958,2025-11-20T00:49:20.952606,True,False,4097,0,0,True,0,
596,the-higher-education-and-research-bill-2011,"The Higher Education and Research Bill, 2011",Human Resource Development,Withdrawn,https://prsindia.org/billtrack/the-higher-education-and-research-bill-2011,2011-12-28T00:00:00,2025-11-13T08:26:19.994375,2025-11-20T00:49:22.069244,True,False,2836,0,0,True,0,
597,the-constitution-scheduled-tribes-order-second-amendment-bill-2011-amendment-of-part-vi-of-constitution-scheduled-tribes-order-1950,"The Constitution (Scheduled Tribes) Order (Second Amendment) Bill, 2011 (Amendment of Part VI of Constitution (Scheduled Tribes) Order, 1950)",Tribal Affairs,Passed,https://prsindia.org/billtrack/the-constitution-scheduled-tribes-order-second-amendment-bill-2011-amendment-of-part-vi-of-constitution-scheduled-tribes-order-1950,2011-12-27T00:00:00,2025-11-13T08:26:19.994812,2025-11-20T00:49:23.164416,True,False,1297,0,0,True,0,
598,the-prevention-of-money-laundering-amendment-bill-2011,"The Prevention of Money Laundering (Amendment) Bill, 2011",Finance,Passed,https://prsindia.org/billtrack/the-prevention-of-money-laundering-amendment-bill-2011,2011-12-27T00:00:00,2025-11-13T08:26:19.995239,2025-11-20T00:49:24.354873,True,False,2606,0,0,True,0,
599,the-electronic-delivery-of-services-bill-2011,"The Electronic Delivery of Services Bill, 2011",Communication and IT,Lapsed,https://prsindia.org/billtrack/the-electronic-delivery-of-services-bill-2011,2011-12-27T00:00:00,2025-11-13T08:26:19.995648,2025-11-20T00:49:25.517581,True,False,2043,0,0,True,0,
600,the-national-commission-for-human-resources-for-health-bill-2011,"The National Commission for Human Resources for Health Bill, 2011",Health,Withdrawn,https://prsindia.org/billtrack/the-national-commission-for-human-resources-for-health-bill-2011,2011-12-22T00:00:00,2025-11-13T08:26:19.996062,2025-11-20T00:49:26.703139,True,False,5200,0,0,True,0,
601,the-national-food-security-bill-2011,"The National Food Security Bill, 2011",Consumer Affairs and Food Distribution,Withdrawn,https://prsindia.org/billtrack/the-national-food-security-bill-2011,2011-12-22T00:00:00,2025-11-13T08:26:19.996489,2025-11-20T00:49:27.900500,True,False,2803,0,0,True,0,
602,the-lokpal-and-lokayuktas-bill-2011,"The Lokpal and Lokayuktas Bill, 2011","Personnel, Grievances and Pensions",Passed,https://prsindia.org/billtrack/the-lokpal-and-lokayuktas-bill-2011,2011-12-22T00:00:00,2025-11-13T08:26:19.996909,2025-11-20T00:49:29.006681,True,False,5178,0,0,True,0,
603,the-constitution-116th-amendment-bill-2011,"The Constitution (116th Amendment) Bill, 2011","Personnel, Grievances and Pensions",Introduced-Negatived,https://prsindia.org/billtrack/the-constitution-116th-amendment-bill-2011,,2025-11-13T08:26:19.997325,2025-11-20T00:49:30.094529,True,False,1003,0,0,True,0,
604,the-rajiv-gandhi-national-institute-of-youth-development-bill-2011,"The Rajiv Gandhi National Institute of Youth Development Bill, 2011",Youth Affairs,Passed,https://prsindia.org/billtrack/the-rajiv-gandhi-national-institute-of-youth-development-bill-2011,2011-12-21T00:00:00,2025-11-13T08:26:19.997732,2025-11-20T00:49:31.191575,True,False,3491,0,0,True,0,
605,the-right-of-citizens-for-time-bound-delivery-of-goods-and-services-and-redressal-of-their-grievances-bill-2011-citizens-charter,"The Right of Citizens for Time Bound Delivery of Goods and Services and Redressal of their Grievances Bill, 2011 (Citizens Charter)","Personnel, Grievances and Pensions",Lapsed,https://prsindia.org/billtrack/the-right-of-citizens-for-time-bound-delivery-of-goods-and-services-and-redressal-of-their-grievances-bill-2011-citizens-charter,2011-12-20T00:00:00,2025-11-13T08:26:19.998159,2025-11-20T00:49:32.281440,True,False,1964,0,0,True,0,
606,the-regional-centre-for-biotechnology-bill-2011,"The Regional Centre for Biotechnology Bill, 2011",Science and Technology,Lapsed,https://prsindia.org/billtrack/the-regional-centre-for-biotechnology-bill-2011,2011-12-20T00:00:00,2025-11-13T08:26:19.998634,2025-11-20T00:49:33.368411,True,False,3529,0,0,True,0,
607,the-national-highways-authority-of-india-amendment-bill-2011,"The National Highways Authority of India (Amendment) Bill, 2011",Roads,Passed,https://prsindia.org/billtrack/the-national-highways-authority-of-india-amendment-bill-2011,2011-12-19T00:00:00,2025-11-13T08:26:19.999081,2025-11-20T00:49:34.460817,True,False,919,0,0,True,0,
608,the-consumer-protection-amendment-bill-2011,"The Consumer Protection (Amendment) Bill, 2011",Consumer Affairs and Food Distribution,Lapsed,https://prsindia.org/billtrack/the-consumer-protection-amendment-bill-2011,2011-12-16T00:00:00,2025-11-13T08:26:19.999509,2025-11-20T00:49:35.550783,True,False,3453,0,0,True,0,
609,the-press-and-registration-of-books-and-publications-bill-2011,"The Press and Registration of Books and Publications Bill, 2011",Information and Broadcasting,Lapsed,https://prsindia.org/billtrack/the-press-and-registration-of-books-and-publications-bill-2011,2011-12-16T00:00:00,2025-11-13T08:26:19.999917,2025-11-20T00:49:36.638283,True,False,4215,0,0,True,0,
610,the-cable-television-networks-regulation-second-amendment-bill-2011,"The Cable Television Networks (Regulation) Second Amendment Bill, 2011",Information and Broadcasting,Lapsed,https://prsindia.org/billtrack/the-cable-television-networks-regulation-second-amendment-bill-2011,2011-12-15T00:00:00,2025-11-13T08:26:20.000372,2025-11-20T00:49:37.730225,True,False,1376,0,0,True,0,
611,the-companies-bill-2011,"The Companies Bill, 2011",Corporate Affairs,Passed,https://prsindia.org/billtrack/the-companies-bill-2011,2011-12-14T00:00:00,2025-11-13T08:26:20.000834,2025-11-20T00:49:38.845481,True,False,1237,0,0,True,0,
612,the-mines-and-minerals-development-and-regulation-bill-2011,"The Mines and Minerals (Development and Regulation) Bill, 2011",Mines,Lapsed,https://prsindia.org/billtrack/the-mines-and-minerals-development-and-regulation-bill-2011,2011-12-12T00:00:00,2025-11-13T08:26:20.001322,2025-11-20T00:49:39.943867,True,False,1765,0,0,True,0,
613,the-national-capital-territory-of-delhi-laws-special-provisions-second-bill-2011,"The National Capital Territory of Delhi Laws (Special Provisions) Second Bill, 2011",Urban Development,Passed,https://prsindia.org/billtrack/the-national-capital-territory-of-delhi-laws-special-provisions-second-bill-2011,2011-12-12T00:00:00,2025-11-13T08:26:20.001752,2025-11-20T00:49:41.032353,True,False,2068,0,0,True,0,
614,the-arms-amendment-bill-2011,"The Arms (Amendment) Bill, 2011",Home Affairs,Lapsed,https://prsindia.org/billtrack/the-arms-amendment-bill-2011,2011-12-12T00:00:00,2025-11-13T08:26:20.002186,2025-11-20T00:49:42.122949,True,False,1366,0,0,True,0,
615,the-enforcement-of-security-interest-and-recovery-of-debts-laws-amendment-bill-2011,"The Enforcement of Security Interest and Recovery of Debts Laws (Amendment) Bill, 2011",Finance,Passed,https://prsindia.org/billtrack/the-enforcement-of-security-interest-and-recovery-of-debts-laws-amendment-bill-2011,2011-12-12T00:00:00,2025-11-13T08:26:20.002719,2025-11-20T00:49:43.210591,True,False,3159,0,0,True,0,
616,the-export-import-bank-of-india-amendment-bill-2011,"The Export-Import Bank of India (Amendment) Bill, 2011",Finance,Passed,https://prsindia.org/billtrack/the-export-import-bank-of-india-amendment-bill-2011,2011-12-08T00:00:00,2025-11-13T08:26:20.003344,2025-11-20T00:49:44.297369,True,False,936,0,0,True,0,
617,the-citizenship-amendment-bill-2011,"The Citizenship (Amendment) Bill, 2011",Home Affairs,Lapsed,https://prsindia.org/billtrack/the-citizenship-amendment-bill-2011,2011-12-08T00:00:00,2025-11-13T08:26:20.004293,2025-11-20T00:49:45.389788,True,False,2046,0,0,True,0,
618,the-warehousing-corporations-amendment-bill-2011,"The Warehousing Corporations (Amendment) Bill, 2011",Consumer Affairs and Food Distribution,Lapsed,https://prsindia.org/billtrack/the-warehousing-corporations-amendment-bill-2011,2011-12-08T00:00:00,2025-11-13T08:26:20.004921,2025-11-20T00:49:46.478276,True,False,993,0,0,True,0,
619,the-constitution-scheduled-tribe-order-amendment-bill-2011,"The Constitution (Scheduled Tribe) Order (Amendment) Bill, 2011",Tribal Affairs,Passed,https://prsindia.org/billtrack/the-constitution-scheduled-tribe-order-amendment-bill-2011,2011-12-07T00:00:00,2025-11-13T08:26:20.005457,2025-11-20T00:49:47.564514,True,False,892,0,0,True,0,
620,the-north-eastern-areas-reorganisation-amendment-bill-2011,"The North-Eastern Areas (Reorganisation) Amendment Bill, 2011",Home Affairs,Passed,https://prsindia.org/billtrack/the-north-eastern-areas-reorganisation-amendment-bill-2011,2011-12-07T00:00:00,2025-11-13T08:26:20.005900,2025-11-20T00:49:48.651329,True,False,634,0,0,True,0,
621,the-cable-television-networks-regulation-amendment-bill-2011,"The Cable Television Networks (Regulation) Amendment Bill, 2011",Information and Broadcasting,Passed,https://prsindia.org/billtrack/the-cable-television-networks-regulation-amendment-bill-2011,2011-11-28T00:00:00,2025-11-13T08:26:20.006313,2025-11-20T00:49:49.753023,True,False,3967,0,0,True,0,
622,the-public-premises-eviction-of-unauthorised-occupants-amendment-bill-2011,"The Public Premises (Eviction of Unauthorised Occupants) Amendment Bill, 2011",Urban Development,Lapsed,https://prsindia.org/billtrack/the-public-premises-eviction-of-unauthorised-occupants-amendment-bill-2011,2011-11-23T00:00:00,2025-11-13T08:26:20.006766,2025-11-20T00:49:50.854479,True,False,626,0,0,True,0,
623,the-civil-liability-for-nuclear-damage-rules-2011,The Civil Liability for Nuclear Damage Rules 2011,Atomic Energy,Rules,https://prsindia.org/billtrack/the-civil-liability-for-nuclear-damage-rules-2011,,2025-11-13T08:26:20.007183,2025-11-20T00:49:51.939640,True,False,1187,0,0,True,0,
624,the-narcotic-drugs-and-psychotropic-substances-amendment-bill-2011,"The Narcotic Drugs and Psychotropic Substances (Amendment) Bill, 2011",Finance,Passed,https://prsindia.org/billtrack/the-narcotic-drugs-and-psychotropic-substances-amendment-bill-2011,2011-09-08T00:00:00,2025-11-13T08:26:20.007610,2025-11-20T00:49:53.036896,True,False,3697,0,0,True,0,
625,the-nuclear-safety-regulatory-authority-bill-2011,The Nuclear Safety Regulatory Authority Bill 2011,"Personnel, Grievances and Pensions",Lapsed,https://prsindia.org/billtrack/the-nuclear-safety-regulatory-authority-bill-2011,2011-09-07T00:00:00,2025-11-13T08:26:20.008030,2025-11-20T00:49:54.124496,True,False,2107,0,0,True,0,
626,the-right-to-fair-compensation-and-transparency-in-land-acquisition-rehabilitation-and-resettlement-bill-2013,"The Right to Fair Compensation and Transparency in Land Acquisition, Rehabilitation and Resettlement Bill, 2013",Rural Development,Passed,https://prsindia.org/billtrack/the-right-to-fair-compensation-and-transparency-in-land-acquisition-rehabilitation-and-resettlement-bill-2013,2011-09-07T00:00:00,2025-11-13T08:26:20.008474,2025-11-20T00:49:55.220122,True,False,2079,0,0,True,0,
627,the-land-acquisition-and-resettlement-and-rehabilitation-bill-2011-579,"The Land Acquisition and Resettlement and Rehabilitation Bill, 2011",Rural Development,Passed,https://prsindia.org/billtrack/the-land-acquisition-and-resettlement-and-rehabilitation-bill-2011-579,2011-09-07T00:00:00,2025-11-13T08:26:20.008897,2025-11-20T00:49:56.309059,True,False,1202,0,0,True,0,
628,the-national-academic-depository-bill-2011,"The National Academic Depository Bill, 2011",Human Resource Development,Lapsed,https://prsindia.org/billtrack/the-national-academic-depository-bill-2011,2011-09-05T00:00:00,2025-11-13T08:26:20.009331,2025-11-20T00:49:57.394892,True,False,4188,0,0,True,0,
629,the-inter-state-migrant-workmen-regulation-of-employment-and-conditions-of-service-bill-2011,"The Inter-State Migrant Workmen (Regulation of Employment and Conditions of Service) Bill, 2011",Labour,Pending,https://prsindia.org/billtrack/the-inter-state-migrant-workmen-regulation-of-employment-and-conditions-of-service-bill-2011,2011-08-18T00:00:00,2025-11-13T08:26:20.009749,2025-11-20T00:49:58.481333,True,False,1375,0,0,True,0,
630,the-benami-transactions-prohibition-bill-2011,"The Benami Transactions (Prohibition) Bill, 2011",Finance,Lapsed,https://prsindia.org/billtrack/the-benami-transactions-prohibition-bill-2011,2011-08-18T00:00:00,2025-11-13T08:26:20.010198,2025-11-20T00:49:59.574054,True,False,3666,0,0,True,0,
631,the-administrators-general-amendment-bill-2011,"The Administrators-General (Amendment) Bill, 2011",Law and Justice,Passed,https://prsindia.org/billtrack/the-administrators-general-amendment-bill-2011,2011-08-18T00:00:00,2025-11-13T08:26:20.010641,2025-11-20T00:50:00.683359,True,False,1212,0,0,True,0,
632,the-border-security-force-amendment-bill-2011,"The Border Security Force (Amendment) Bill, 2011",Home Affairs,Withdrawn,https://prsindia.org/billtrack/the-border-security-force-amendment-bill-2011,2011-08-18T00:00:00,2025-11-13T08:26:20.011068,2025-11-20T00:50:01.772019,True,False,1530,0,0,True,0,
633,the-damodar-valley-corporation-amendment-bill-2011,"The Damodar Valley Corporation (Amendment) Bill, 2011",Power,Passed,https://prsindia.org/billtrack/the-damodar-valley-corporation-amendment-bill-2011,2011-08-08T00:00:00,2025-11-13T08:26:20.011490,2025-11-20T00:50:02.868643,True,False,1849,0,0,True,0,
634,the-customs-amendment-and-validation-bill-2011,"The Customs (Amendment and Validation) Bill, 2011",Finance,Passed,https://prsindia.org/billtrack/the-customs-amendment-and-validation-bill-2011,2011-08-08T00:00:00,2025-11-13T08:26:20.011899,2025-11-20T00:50:03.953754,True,False,1438,0,0,True,0,
635,the-indian-institute-of-information-technology-design-and-manufacturing-kancheepuram-bill-2011,"The Indian Institute of Information Technology, Design and Manufacturing Kancheepuram Bill, 2011",Human Resource Development,Lapsed,https://prsindia.org/billtrack/the-indian-institute-of-information-technology-design-and-manufacturing-kancheepuram-bill-2011,2011-08-05T00:00:00,2025-11-13T08:26:20.012311,2025-11-20T00:50:05.036991,True,False,3170,0,0,True,0,
636,the-lok-pal-bill-2011-570,"The Lok Pal Bill, 2011","Personnel, Grievances and Pensions",Withdrawn,https://prsindia.org/billtrack/the-lok-pal-bill-2011-570,2011-08-04T00:00:00,2025-11-13T08:26:20.012789,2025-11-20T00:50:06.127225,True,False,2893,0,0,True,0,
637,the-indian-medical-council-amendment-bill-2011,"The Indian Medical Council (Amendment) Bill, 2011",Health,Passed,https://prsindia.org/billtrack/the-indian-medical-council-amendment-bill-2011,2011-08-02T00:00:00,2025-11-13T08:26:20.013213,2025-11-20T00:50:07.220194,True,False,1099,0,0,True,0,
638,the-information-technology-rules-2011,"The Information Technology Rules, 2011",Communication and IT,Rules,https://prsindia.org/billtrack/the-information-technology-rules-2011,,2025-11-13T08:26:20.013724,2025-11-20T00:50:08.319230,True,False,1408,0,0,True,0,
639,the-prevention-of-bribery-of-foreign-public-officials-and-officials-of-public-international-organisations-bill-2011,"The Prevention of Bribery of Foreign Public Officials and Officials of Public International Organisations Bill, 2011","Personnel, Grievances and Pensions",Lapsed,https://prsindia.org/billtrack/the-prevention-of-bribery-of-foreign-public-officials-and-officials-of-public-international-organisations-bill-2011,2011-03-25T00:00:00,2025-11-13T08:26:20.014216,2025-11-20T00:50:09.407549,True,False,2150,0,0,True,0,
640,the-pension-fund-regulatory-and-development-authority-bill-2011,"The Pension Fund Regulatory and Development Authority Bill, 2011",Finance,Passed,https://prsindia.org/billtrack/the-pension-fund-regulatory-and-development-authority-bill-2011,2011-03-24T00:00:00,2025-11-13T08:26:20.014686,2025-11-20T00:50:10.499846,True,False,2068,0,0,True,0,
641,the-regulation-of-factor-assignment-of-receivables-bill-2011,"The Regulation of Factor (Assignment of Receivables) Bill, 2011",Finance,Passed,https://prsindia.org/billtrack/the-regulation-of-factor-assignment-of-receivables-bill-2011,2011-03-24T00:00:00,2025-11-13T08:26:20.015147,2025-11-20T00:50:11.596083,True,False,3237,0,0,True,0,
642,the-protection-of-children-from-sexual-offences-bill-2011,"The Protection of Children from Sexual Offences Bill, 2011",Women and Child Development,Passed,https://prsindia.org/billtrack/the-protection-of-children-from-sexual-offences-bill-2011,2011-03-23T00:00:00,2025-11-13T08:26:20.015618,2025-11-20T00:50:12.697647,True,False,4726,0,0,True,0,
643,the-labour-laws-exemption-from-furnishing-returns-and-maintaining-registers-by-certain-establishments-amendment-bill-2011,"The Labour Laws (Exemption from Furnishing Returns and Maintaining Registers by Certain Establishments) Amendment Bill, 2011",Labour,Passed,https://prsindia.org/billtrack/the-labour-laws-exemption-from-furnishing-returns-and-maintaining-registers-by-certain-establishments-amendment-bill-2011,2011-03-23T00:00:00,2025-11-13T08:26:20.016156,2025-11-20T00:50:13.796275,True,False,2782,0,0,True,0,
644,the-mines-amendment-bill-2011,"The Mines (Amendment) Bill, 2011",Labour,Pending,https://prsindia.org/billtrack/the-mines-amendment-bill-2011,2011-03-23T00:00:00,2025-11-13T08:26:20.016766,2025-11-20T00:50:14.885898,True,False,2656,0,0,True,0,
645,the-banking-laws-amendment-bill-2011,"The Banking Laws (Amendment) Bill, 2011",Finance,Passed,https://prsindia.org/billtrack/the-banking-laws-amendment-bill-2011,2011-03-22T00:00:00,2025-11-13T08:26:20.017284,2025-11-20T00:50:15.974916,True,False,3838,0,0,True,0,
646,the-constitution-115th-amendment-bill-2011-gst-bill,The Constitution (115th Amendment) Bill 2011 (GST Bill),Finance,Lapsed,https://prsindia.org/billtrack/the-constitution-115th-amendment-bill-2011-gst-bill,2011-03-22T00:00:00,2025-11-13T08:26:20.017725,2025-11-20T00:50:17.064426,True,False,1841,0,0,True,0,
647,the-national-capital-territory-of-delhi-laws-special-provisions-bill-2011,"The National Capital Territory of Delhi Laws (Special Provisions) Bill, 2011",Urban Development,Passed,https://prsindia.org/billtrack/the-national-capital-territory-of-delhi-laws-special-provisions-bill-2011,2011-03-18T00:00:00,2025-11-13T08:26:20.018209,2025-11-20T00:50:18.150886,True,False,1729,0,0,True,0,
648,the-protection-of-women-against-sexual-harassment-at-work-place-bill-2010,"The Protection of Women Against Sexual Harassment at Work Place Bill, 2010",Women and Child Development,Passed,https://prsindia.org/billtrack/the-protection-of-women-against-sexual-harassment-at-work-place-bill-2010,2010-12-07T00:00:00,2025-11-13T08:26:20.018880,2025-11-20T00:50:19.243335,True,False,1830,0,0,True,0,
649,the-national-institute-of-mental-health-and-neuro-sciences-bangalore-bill-2010,"The National Institute of Mental Health and Neuro-Sciences, Bangalore Bill, 2010",Health,Passed,https://prsindia.org/billtrack/the-national-institute-of-mental-health-and-neuro-sciences-bangalore-bill-2010,2010-12-07T00:00:00,2025-11-13T08:26:20.019777,2025-11-20T00:50:20.347775,True,False,2105,0,0,True,0,
650,the-forward-contracts-regulation-amendment-bill-2010,"The Forward Contracts (Regulation) Amendment Bill, 2010",Consumer Affairs and Food Distribution,Lapsed,https://prsindia.org/billtrack/the-forward-contracts-regulation-amendment-bill-2010,2010-12-06T00:00:00,2025-11-13T08:26:20.020631,2025-11-20T00:50:21.440751,True,False,2114,0,0,True,0,
651,the-national-identification-authority-of-india-bill-2010,"The National Identification Authority of India Bill, 2010",Planning,Withdrawn,https://prsindia.org/billtrack/the-national-identification-authority-of-india-bill-2010,2010-12-03T00:00:00,2025-11-13T08:26:20.021236,2025-11-20T00:50:22.551392,True,False,2667,0,0,True,0,
652,the-judicial-standards-and-accountability-bill-2010,"The Judicial Standards and Accountability Bill, 2010",Law and Justice,Lapsed,https://prsindia.org/billtrack/the-judicial-standards-and-accountability-bill-2010,2010-12-01T00:00:00,2025-11-13T08:26:20.021763,2025-11-20T00:50:23.652731,True,False,1998,0,0,True,0,
653,the-state-bank-of-india-subsidiary-banks-amendment-bill-2010,"The State Bank of India (Subsidiary Banks) Amendment Bill, 2010",Finance,Passed,https://prsindia.org/billtrack/the-state-bank-of-india-subsidiary-banks-amendment-bill-2010,2010-11-19T00:00:00,2025-11-13T08:26:20.022204,2025-11-20T00:50:24.740143,True,False,655,0,0,True,0,
654,the-juvenile-justice-care-and-protection-of-children-amendment-bill-2010,"The Juvenile Justice (Care and Protection of Children) Amendment Bill, 2010",Women and Child Development,Passed,https://prsindia.org/billtrack/the-juvenile-justice-care-and-protection-of-children-amendment-bill-2010,2010-11-16T00:00:00,2025-11-13T08:26:20.022642,2025-11-20T00:50:25.831518,True,False,1415,0,0,True,0,
655,the-enemy-property-amendment-and-validation-second-amendment-bill-2010,"The Enemy Property (Amendment and Validation) Second Amendment Bill, 2010",Home Affairs,Lapsed,https://prsindia.org/billtrack/the-enemy-property-amendment-and-validation-second-amendment-bill-2010,2010-11-15T00:00:00,2025-11-13T08:26:20.023085,2025-11-20T00:50:26.920714,True,False,1000,0,0,True,0,
656,the-multi-state-co-operative-societies-amendment-bill-2010,"The Multi-State Co-operative Societies (Amendment) Bill, 2010",Agriculture,Lapsed,https://prsindia.org/billtrack/the-multi-state-co-operative-societies-amendment-bill-2010,2010-11-15T00:00:00,2025-11-13T08:26:20.023498,2025-11-20T00:50:28.016575,True,False,3659,0,0,True,0,
657,overview-legislative-proposals-in-higher-education,Overview: Legislative Proposals in Higher Education,Human Resource Development,Lapsed,https://prsindia.org/billtrack/overview-legislative-proposals-in-higher-education,,2025-11-13T08:26:20.023925,2025-11-20T00:50:29.167918,True,False,977,0,0,False,0,
658,the-prasar-bharati-broadcasting-corporation-of-india-amendment-bill-2010,"The Prasar Bharati (Broadcasting Corporation of India) Amendment Bill, 2010",Information and Broadcasting,Passed,https://prsindia.org/billtrack/the-prasar-bharati-broadcasting-corporation-of-india-amendment-bill-2010,2010-08-31T00:00:00,2025-11-13T08:26:20.024353,2025-11-20T00:50:30.255753,True,False,2059,0,0,True,0,
659,the-architects-amendment-bill-2010,"The Architects (Amendment) Bill, 2010",Human Resource Development,Withdrawn,https://prsindia.org/billtrack/the-architects-amendment-bill-2010,2010-08-31T00:00:00,2025-11-13T08:26:20.024792,2025-11-20T00:50:31.343367,True,False,2389,0,0,True,0,
660,the-direct-taxes-code-bill-2010,"The Direct Taxes Code Bill, 2010",Finance,Lapsed,https://prsindia.org/billtrack/the-direct-taxes-code-bill-2010,2010-08-30T00:00:00,2025-11-13T08:26:20.025225,2025-11-20T00:50:32.430323,True,False,2188,0,0,True,0,
661,the-dam-safety-bill-2010,"The Dam Safety Bill, 2010",Water Resources,Lapsed,https://prsindia.org/billtrack/the-dam-safety-bill-2010,2010-08-30T00:00:00,2025-11-13T08:26:20.025646,2025-11-20T00:50:33.529790,True,False,4547,0,0,True,0,
662,the-institutes-of-technology-amendment-bill-2010,"The Institutes of Technology (Amendment) Bill, 2010",Human Resource Development,Passed,https://prsindia.org/billtrack/the-institutes-of-technology-amendment-bill-2010,2010-08-30T00:00:00,2025-11-13T08:26:20.026083,2025-11-20T00:50:34.632571,True,False,1156,0,0,True,0,
663,the-whistle-blowers-protection-bill-2011,"The Whistle Blowers Protection Bill, 2011","Personnel, Grievances and Pensions",Passed,https://prsindia.org/billtrack/the-whistle-blowers-protection-bill-2011,2010-08-26T00:00:00,2025-11-13T08:26:20.026502,2025-11-20T00:50:35.730970,True,False,1986,0,0,True,0,
664,the-salary-allowances-and-pensions-of-members-of-parliament-amendment-bill-2010,"The Salary, Allowances and Pensions of Members of Parliament (Amendment) Bill, 2010",Parliamentary Affairs,Passed,https://prsindia.org/billtrack/the-salary-allowances-and-pensions-of-members-of-parliament-amendment-bill-2010,2010-08-25T00:00:00,2025-11-13T08:26:20.026949,2025-11-20T00:50:36.819285,True,False,1523,0,0,True,0,
665,the-arms-amendment-bill-2010,"The Arms (Amendment) Bill, 2010",Home Affairs,Lapsed,https://prsindia.org/billtrack/the-arms-amendment-bill-2010,2010-08-25T00:00:00,2025-11-13T08:26:20.027359,2025-11-20T00:50:37.907590,True,False,1313,0,0,True,0,
666,the-constitution-114th-amendment-bill-2010,"The Constitution (114th Amendment) Bill, 2010",Law and Justice,Lapsed,https://prsindia.org/billtrack/the-constitution-114th-amendment-bill-2010,2010-08-25T00:00:00,2025-11-13T08:26:20.027774,2025-11-20T00:50:38.996202,True,False,448,0,0,True,0,
667,the-representation-of-the-people-amendment-bill-2010,"The Representation of the People (Amendment) Bill, 2010",Law and Justice,Passed,https://prsindia.org/billtrack/the-representation-of-the-people-amendment-bill-2010,2010-08-21T00:00:00,2025-11-13T08:26:20.028196,2025-11-20T00:50:40.090048,True,False,1195,0,0,True,0,
668,the-anti-hijacking-amendment-bill-2010,"The Anti-Hijacking (Amendment) Bill, 2010",Civil Aviation,Withdrawn,https://prsindia.org/billtrack/the-anti-hijacking-amendment-bill-2010,2010-08-19T00:00:00,2025-11-13T08:26:20.028629,2025-11-20T00:50:41.179472,True,False,1559,0,0,True,0,
669,the-repatriation-of-prisoners-amendment-bill-2010,"The Repatriation of Prisoners (Amendment) Bill, 2010",Home Affairs,Passed,https://prsindia.org/billtrack/the-repatriation-of-prisoners-amendment-bill-2010,2010-08-16T00:00:00,2025-11-13T08:26:20.029053,2025-11-20T00:50:42.266619,True,False,708,0,0,True,0,
670,the-jharkhand-panchayat-raj-amendment-bill-2010,"The Jharkhand Panchayat Raj (Amendment) Bill, 2010",Panchayati Raj,Passed,https://prsindia.org/billtrack/the-jharkhand-panchayat-raj-amendment-bill-2010,2010-08-12T00:00:00,2025-11-13T08:26:20.029534,2025-11-20T00:50:43.359632,True,False,1906,0,0,True,0,
671,the-nalanda-university-bill-2010,"The Nalanda University Bill, 2010",External Affairs,Passed,https://prsindia.org/billtrack/the-nalanda-university-bill-2010,2010-08-12T00:00:00,2025-11-13T08:26:20.029959,2025-11-20T00:50:44.451877,True,False,3323,0,0,True,0,
672,the-essential-commodities-amendment-bill-2010,"The Essential Commodities (Amendment) Bill, 2010",Consumer Affairs and Food Distribution,Passed,https://prsindia.org/billtrack/the-essential-commodities-amendment-bill-2010,2010-08-09T00:00:00,2025-11-13T08:26:20.030441,2025-11-20T00:50:45.554849,True,False,3293,0,0,True,0,
673,the-central-educational-institutions-reservation-in-admission-amendment-bill-2010,"The Central Educational Institutions (Reservation in Admission) Amendment Bill, 2010",Human Resource Development,Passed,https://prsindia.org/billtrack/the-central-educational-institutions-reservation-in-admission-amendment-bill-2010,2010-08-06T00:00:00,2025-11-13T08:26:20.030889,2025-11-20T00:50:46.644469,True,False,2796,0,0,True,0,
674,the-indian-medical-council-amendment-bill-2010,"The Indian Medical Council (Amendment) Bill, 2010",Health,Passed,https://prsindia.org/billtrack/the-indian-medical-council-amendment-bill-2010,2010-08-05T00:00:00,2025-11-13T08:26:20.031310,2025-11-20T00:50:47.730555,True,False,1686,0,0,True,0,
675,the-jawaharlal-institute-of-post-graduate-medical-education-and-research-puducherry-amendment-bill-2010,"The Jawaharlal Institute of Post-Graduate Medical Education and Research, Puducherry (Amendment) Bill, 2010",Health,Passed,https://prsindia.org/billtrack/the-jawaharlal-institute-of-post-graduate-medical-education-and-research-puducherry-amendment-bill-2010,2010-08-05T00:00:00,2025-11-13T08:26:20.031722,2025-11-20T00:50:48.826267,True,False,926,0,0,True,0,
676,the-marriage-laws-amendment-bill-2010,"The Marriage Laws (Amendment) Bill, 2010",Law and Justice,Lapsed,https://prsindia.org/billtrack/the-marriage-laws-amendment-bill-2010,2010-08-04T00:00:00,2025-11-13T08:26:20.032146,2025-11-20T00:50:49.939067,True,False,1483,0,0,True,0,
677,the-new-delhi-municipal-council-amendment-bill-2010,"The New Delhi Municipal Council (Amendment) Bill, 2010",Home Affairs,Passed,https://prsindia.org/billtrack/the-new-delhi-municipal-council-amendment-bill-2010,2010-08-03T00:00:00,2025-11-13T08:26:20.032576,2025-11-20T00:50:51.029077,True,False,2117,0,0,True,0,
678,the-enemy-property-amendment-and-validation-bill-2010,"The Enemy Property (Amendment and Validation) Bill, 2010",Home Affairs,Withdrawn,https://prsindia.org/billtrack/the-enemy-property-amendment-and-validation-bill-2010,2010-08-02T00:00:00,2025-11-13T08:26:20.032996,2025-11-20T00:50:52.117765,True,False,2913,0,0,True,0,
679,the-academy-of-scientific-and-innovative-research-bill-2010,"The Academy of Scientific and Innovative Research Bill, 2010",Science and Technology,Passed,https://prsindia.org/billtrack/the-academy-of-scientific-and-innovative-research-bill-2010,2010-07-30T00:00:00,2025-11-13T08:26:20.033419,2025-11-20T00:50:53.207983,True,False,3872,0,0,True,0,
680,the-securities-and-insurance-laws-amendment-and-validation-bill-2010,"The Securities and Insurance Laws (Amendment and Validation) Bill, 2010",Finance,Passed,https://prsindia.org/billtrack/the-securities-and-insurance-laws-amendment-and-validation-bill-2010,2010-07-27T00:00:00,2025-11-13T08:26:20.033825,2025-11-20T00:50:54.586962,True,False,815,0,0,True,0,
681,the-civil-liability-for-nuclear-damage-bill-2010,The Civil Liability for Nuclear Damage Bill 2010,Science and Technology,Passed,https://prsindia.org/billtrack/the-civil-liability-for-nuclear-damage-bill-2010,2010-05-07T00:00:00,2025-11-13T08:26:20.034238,2025-11-20T00:50:55.706743,True,False,2036,0,0,True,0,
682,the-indian-medicine-central-council-amendment-bill-2010,"The Indian Medicine Central Council (Amendment) Bill, 2010",Health,Passed,https://prsindia.org/billtrack/the-indian-medicine-central-council-amendment-bill-2010,2010-05-06T00:00:00,2025-11-13T08:26:20.034664,2025-11-20T00:50:56.796655,True,False,925,0,0,True,0,
683,the-tamil-nadu-legislative-council-bill-2010,"The Tamil Nadu Legislative Council Bill, 2010",Law and Justice,Passed,https://prsindia.org/billtrack/the-tamil-nadu-legislative-council-bill-2010,2010-05-05T00:00:00,2025-11-13T08:26:20.035090,2025-11-20T00:50:57.891710,True,False,1005,0,0,True,0,
684,the-national-road-safety-and-traffic-management-board-bill-2010,"The National Road Safety and Traffic Management Board Bill, 2010",Roads,Lapsed,https://prsindia.org/billtrack/the-national-road-safety-and-traffic-management-board-bill-2010,2010-05-04T00:00:00,2025-11-13T08:26:20.035507,2025-11-20T00:50:58.977382,True,False,3251,0,0,True,0,
685,the-prohibition-of-unfair-practices-in-technical-educational-institutions-medical-educational-institutions-and-university-bill-2010,"The Prohibition of Unfair Practices in Technical Educational Institutions, Medical Educational Institutions and University Bill, 2010",Human Resource Development,Lapsed,https://prsindia.org/billtrack/the-prohibition-of-unfair-practices-in-technical-educational-institutions-medical-educational-institutions-and-university-bill-2010,2010-05-03T00:00:00,2025-11-13T08:26:20.035923,2025-11-20T00:51:00.068721,True,False,2100,0,0,True,0,
686,the-foreign-educational-institutions-regulation-of-entry-and-operations-bill-2010,"The Foreign Educational Institutions (Regulation of Entry and Operations) Bill, 2010",Human Resource Development,Lapsed,https://prsindia.org/billtrack/the-foreign-educational-institutions-regulation-of-entry-and-operations-bill-2010,2010-05-03T00:00:00,2025-11-13T08:26:20.036393,2025-11-20T00:51:01.172617,True,False,1854,0,0,True,0,
687,the-educational-tribunals-bill-2010,"The Educational Tribunals Bill, 2010",Human Resource Development,Lapsed,https://prsindia.org/billtrack/the-educational-tribunals-bill-2010,2010-05-03T00:00:00,2025-11-13T08:26:20.037106,2025-11-20T00:51:02.263101,True,False,2203,0,0,True,0,
688,the-national-accreditation-regulatory-authority-for-higher-educational-institutions-bill-2010,"The National Accreditation Regulatory Authority for Higher Educational Institutions Bill, 2010",Human Resource Development,Lapsed,https://prsindia.org/billtrack/the-national-accreditation-regulatory-authority-for-higher-educational-institutions-bill-2010,2010-05-03T00:00:00,2025-11-13T08:26:20.037819,2025-11-20T00:51:03.353332,True,False,2101,0,0,True,0,
689,the-cost-and-works-accountants-amendment-bill-2010,"The Cost and Works Accountants (Amendment) Bill, 2010",Commerce and Industry,Passed,https://prsindia.org/billtrack/the-cost-and-works-accountants-amendment-bill-2010,2010-04-29T00:00:00,2025-11-13T08:26:20.038302,2025-11-20T00:51:04.439829,True,False,1025,0,0,True,0,
690,the-chartered-accountants-amendment-bill-2010,"The Chartered Accountants (Amendment) Bill, 2010",Corporate Affairs,Passed,https://prsindia.org/billtrack/the-chartered-accountants-amendment-bill-2010,2010-04-29T00:00:00,2025-11-13T08:26:20.038840,2025-11-20T00:51:05.533961,True,False,918,0,0,True,0,
691,the-company-secretaries-amendment-bill-2010,"The Company Secretaries (Amendment) Bill, 2010",Law and Justice,Passed,https://prsindia.org/billtrack/the-company-secretaries-amendment-bill-2010,2010-04-29T00:00:00,2025-11-13T08:26:20.039267,2025-11-20T00:51:06.641106,True,False,802,0,0,True,0,
692,the-wakf-amendment-bill-2010,"The Wakf (Amendment) Bill, 2010",Minority Affairs,Passed,https://prsindia.org/billtrack/the-wakf-amendment-bill-2010,2010-04-27T00:00:00,2025-11-13T08:26:20.039699,2025-11-20T00:51:07.731158,True,False,1999,0,0,True,0,
693,the-prevention-of-torture-bill-2010,"The Prevention of Torture Bill, 2010",Home Affairs,Lapsed,https://prsindia.org/billtrack/the-prevention-of-torture-bill-2010,2010-04-26T00:00:00,2025-11-13T08:26:20.040130,2025-11-20T00:51:08.817922,True,False,1055,0,0,True,0,
694,the-personal-laws-amendment-bill-2010,"The Personal Laws (Amendment) Bill, 2010",Law and Justice,Passed,https://prsindia.org/billtrack/the-personal-laws-amendment-bill-2010,2010-04-22T00:00:00,2025-11-13T08:26:20.040554,2025-11-20T00:51:09.907900,True,False,973,0,0,True,0,
695,the-payment-of-gratuity-amendment-bill-2010,"The Payment of Gratuity (Amendment) Bill, 2010",Labour,Passed,https://prsindia.org/billtrack/the-payment-of-gratuity-amendment-bill-2010,2010-04-22T00:00:00,2025-11-13T08:26:20.040996,2025-11-20T00:51:10.996813,True,False,992,0,0,True,0,
696,the-copyright-amendment-bill-2010,The Copyright (Amendment) Bill 2010,Human Resource Development,Passed,https://prsindia.org/billtrack/the-copyright-amendment-bill-2010,2010-04-19T00:00:00,2025-11-13T08:26:20.041405,2025-11-20T00:51:12.095604,True,False,2149,0,0,True,0,
697,the-right-of-children-to-free-and-compulsory-education-amendment-bill-2010,"The Right of Children to Free and Compulsory Education (Amendment) Bill, 2010",Human Resource Development,Passed,https://prsindia.org/billtrack/the-right-of-children-to-free-and-compulsory-education-amendment-bill-2010,2010-04-16T00:00:00,2025-11-13T08:26:20.041825,2025-11-20T00:51:13.198843,True,False,1433,0,0,True,0,
698,the-national-council-for-teacher-education-amendment-bill-2010,"The National Council for Teacher Education (Amendment) Bill, 2010",Human Resource Development,Passed,https://prsindia.org/billtrack/the-national-council-for-teacher-education-amendment-bill-2010,2010-04-16T00:00:00,2025-11-13T08:26:20.042231,2025-11-20T00:51:14.285768,True,False,970,0,0,True,0,
699,the-chemical-weapons-convention-amendment-bill-2010,"The Chemical Weapons Convention (Amendment) Bill, 2010",Chemical and Fertilisers and Pharmaceutical,Passed,https://prsindia.org/billtrack/the-chemical-weapons-convention-amendment-bill-2010,2010-04-16T00:00:00,2025-11-13T08:26:20.042662,2025-11-20T00:51:15.375391,True,False,1465,0,0,True,0,
700,the-national-institutes-of-technology-amendment-bill-2010,"The National Institutes of Technology (Amendment) Bill, 2010",Human Resource Development,Passed,https://prsindia.org/billtrack/the-national-institutes-of-technology-amendment-bill-2010,2010-04-15T00:00:00,2025-11-13T08:26:20.043094,2025-11-20T00:51:16.464291,True,False,1363,0,0,True,0,
701,the-clinical-establishments-registration-and-regulation-bill-2010,"The Clinical Establishments (Registration and Regulation) Bill, 2010",Health,Passed,https://prsindia.org/billtrack/the-clinical-establishments-registration-and-regulation-bill-2010,2010-04-15T00:00:00,2025-11-13T08:26:20.043522,2025-11-20T00:51:18.708516,True,False,4076,0,0,True,0,
702,the-petroleum-and-minerals-pipelines-acquisition-of-right-of-user-in-land-amendment-bill-2010,"The Petroleum and Minerals Pipelines (Acquisition of Right of User in Land) Amendment Bill, 2010",Petroleum and Natural Gas,Passed,https://prsindia.org/billtrack/the-petroleum-and-minerals-pipelines-acquisition-of-right-of-user-in-land-amendment-bill-2010,2010-03-16T00:00:00,2025-11-13T08:26:20.043937,2025-11-20T00:51:20.138788,True,False,1837,0,0,True,0,
703,the-code-of-criminal-procedure-amendment-bill-2010,"The Code of Criminal Procedure (Amendment) Bill, 2010",Home Affairs,Passed,https://prsindia.org/billtrack/the-code-of-criminal-procedure-amendment-bill-2010,2010-03-15T00:00:00,2025-11-13T08:26:20.044354,2025-11-20T00:51:21.298422,True,False,1392,0,0,True,0,
704,the-orissa-alteration-of-name-bill-2010,"The Orissa (Alteration of Name) Bill, 2010",Home Affairs,Passed,https://prsindia.org/billtrack/the-orissa-alteration-of-name-bill-2010,2010-03-15T00:00:00,2025-11-13T08:26:20.044879,2025-11-20T00:51:22.417642,True,False,332,0,0,True,0,
705,the-constitution-113th-amendment-bill-2010,"The Constitution (113th Amendment) Bill, 2010",Home Affairs,Passed,https://prsindia.org/billtrack/the-constitution-113th-amendment-bill-2010,2010-03-15T00:00:00,2025-11-13T08:26:20.045406,2025-11-20T00:51:23.601438,True,False,402,0,0,True,0,
706,the-ancient-monuments-and-archaeological-sites-and-remains-amendment-and-validation-bill-2010,The Ancient Monuments and Archaeological Sites and Remains Amendment and Validation Bill 2010,Culture,Passed,https://prsindia.org/billtrack/the-ancient-monuments-and-archaeological-sites-and-remains-amendment-and-validation-bill-2010,2010-03-11T00:00:00,2025-11-13T08:26:20.046033,2025-11-20T00:51:24.991644,True,False,1095,0,0,True,0,
707,the-energy-conservation-amendment-bill-2010,"The Energy Conservation (Amendment) Bill, 2010",Power,Passed,https://prsindia.org/billtrack/the-energy-conservation-amendment-bill-2010,2010-03-08T00:00:00,2025-11-13T08:26:20.046527,2025-11-20T00:51:26.423465,True,False,3260,0,0,True,0,
708,the-state-bank-of-india-amendment-bill-2010,"The State Bank of India (Amendment) Bill, 2010",Finance,Passed,https://prsindia.org/billtrack/the-state-bank-of-india-amendment-bill-2010,2010-03-08T00:00:00,2025-11-13T08:26:20.047004,2025-11-20T00:51:27.574172,True,False,2236,0,0,True,0,
709,the-transplantation-of-human-organs-amendment-bill-2009,"The Transplantation of Human Organs (Amendment) Bill, 2009",Health,Passed,https://prsindia.org/billtrack/the-transplantation-of-human-organs-amendment-bill-2009,2009-12-18T00:00:00,2025-11-13T08:26:20.047418,2025-11-20T00:51:28.998819,True,False,1837,0,0,True,0,
710,the-state-bank-of-india-subsidiary-banks-amendment-bill-2009,"The State Bank of India (Subsidiary Banks) Amendment Bill, 2009",Finance,Passed,https://prsindia.org/billtrack/the-state-bank-of-india-subsidiary-banks-amendment-bill-2009,2009-12-18T00:00:00,2025-11-13T08:26:20.047838,2025-11-20T00:51:30.263102,True,False,1956,0,0,True,0,
711,the-coinage-bill-2009,"The Coinage Bill, 2009",Finance,Passed,https://prsindia.org/billtrack/the-coinage-bill-2009,2009-12-17T00:00:00,2025-11-13T08:26:20.048250,2025-11-20T00:51:31.741061,True,False,2517,0,0,True,0,
712,the-salaries-allowances-of-ministers-amendment-bill-2009,"The Salaries & Allowances of Ministers (Amendment) Bill, 2009",Finance,Passed,https://prsindia.org/billtrack/the-salaries-allowances-of-ministers-amendment-bill-2009,2009-12-17T00:00:00,2025-11-13T08:26:20.048683,2025-11-20T00:51:32.992224,True,False,1023,0,0,True,0,
713,the-commercial-division-of-high-courts-bill-2009,"The Commercial Division of High Courts Bill, 2009",Law and Justice,Lapsed,https://prsindia.org/billtrack/the-commercial-division-of-high-courts-bill-2009,2009-12-16T00:00:00,2025-11-13T08:26:20.049102,2025-11-20T00:51:34.190511,True,False,855,0,0,True,0,
714,the-national-capital-territory-of-delhi-laws-special-provisions-second-bill-2009,"The National Capital Territory of Delhi Laws (Special Provisions) Second Bill, 2009",Urban Development,Passed,https://prsindia.org/billtrack/the-national-capital-territory-of-delhi-laws-special-provisions-second-bill-2009,2009-12-14T00:00:00,2025-11-13T08:26:20.049535,2025-11-20T00:51:35.309717,True,False,1055,0,0,False,0,
715,the-competition-amendment-bill-2009,"The Competition (Amendment) Bill, 2009",Corporate Affairs,Passed,https://prsindia.org/billtrack/the-competition-amendment-bill-2009,2009-12-11T00:00:00,2025-11-13T08:26:20.049952,2025-11-20T00:51:36.444043,True,False,987,0,0,True,0,
716,the-jharkhand-contingency-fund-amendment-bill-2009,"The Jharkhand Contingency Fund (Amendment) Bill, 2009",Finance,Passed,https://prsindia.org/billtrack/the-jharkhand-contingency-fund-amendment-bill-2009,2009-12-07T00:00:00,2025-11-13T08:26:20.050363,2025-11-20T00:51:37.566612,True,False,1007,0,0,True,0,
717,the-trade-marks-amendment-bill-2009,"The Trade Marks (Amendment) Bill, 2009",Commerce and Industry,Passed,https://prsindia.org/billtrack/the-trade-marks-amendment-bill-2009,2009-12-04T00:00:00,2025-11-13T08:26:20.050798,2025-11-20T00:51:38.764738,True,False,2429,0,0,True,0,
718,the-essential-commodities-amendment-and-validation-bill-2009,"The Essential Commodities (Amendment and Validation) Bill, 2009",Consumer Affairs and Food Distribution,Passed,https://prsindia.org/billtrack/the-essential-commodities-amendment-and-validation-bill-2009,2009-12-04T00:00:00,2025-11-13T08:26:20.051215,2025-11-20T00:51:40.286244,True,False,298,0,0,True,0,
719,the-payment-of-gratuity-amendment-bill-2009,"The Payment of Gratuity (Amendment) Bill, 2009",Labour,Passed,https://prsindia.org/billtrack/the-payment-of-gratuity-amendment-bill-2009,2009-12-04T00:00:00,2025-11-13T08:26:20.051635,2025-11-20T00:51:41.854339,True,False,992,0,0,True,0,
720,the-state-bank-of-saurashtra-repeal-and-the-state-bank-of-india-subsidiaries-banks-amendment-bill-2009,"The State Bank of Saurashtra (Repeal) and the State Bank of India (Subsidiaries Banks) Amendment Bill, 2009",Finance,Passed,https://prsindia.org/billtrack/the-state-bank-of-saurashtra-repeal-and-the-state-bank-of-india-subsidiaries-banks-amendment-bill-2009,2009-12-04T00:00:00,2025-11-13T08:26:20.052064,2025-11-20T00:51:43.089083,True,False,237,0,0,True,0,
721,the-constitution-111th-amendment-bill-2009,"The Constitution (111th Amendment) Bill, 2009",Agriculture,Passed,https://prsindia.org/billtrack/the-constitution-111th-amendment-bill-2009,2009-11-30T00:00:00,2025-11-13T08:26:20.052553,2025-11-20T00:51:45.440739,True,False,3584,0,0,True,0,
722,the-constitution-110th-amendment-bill-2009,"The Constitution (110th Amendment) Bill, 2009",Panchayati Raj,Lapsed,https://prsindia.org/billtrack/the-constitution-110th-amendment-bill-2009,2009-11-26T00:00:00,2025-11-13T08:26:20.053257,2025-11-20T00:51:46.603689,True,False,1191,0,0,True,0,
723,the-national-rural-employment-guarantee-amendment-bill-2009,"The National Rural Employment Guarantee (Amendment) Bill, 2009",Rural Development,Passed,https://prsindia.org/billtrack/the-national-rural-employment-guarantee-amendment-bill-2009,2009-11-26T00:00:00,2025-11-13T08:26:20.054074,2025-11-20T00:51:47.722821,True,False,160,0,0,True,0,
724,the-foreign-trade-development-and-regulation-amendment-bill-2009,"The Foreign Trade (Development and Regulation) Amendment Bill, 2009",Commerce and Industry,Passed,https://prsindia.org/billtrack/the-foreign-trade-development-and-regulation-amendment-bill-2009,2009-11-25T00:00:00,2025-11-13T08:26:20.054680,2025-11-20T00:51:48.848949,True,False,1260,0,0,True,0,
725,the-central-universities-amendment-bill-2009,"The Central Universities (Amendment) Bill, 2009",Human Resource Development,Passed,https://prsindia.org/billtrack/the-central-universities-amendment-bill-2009,2009-11-24T00:00:00,2025-11-13T08:26:20.055198,2025-11-20T00:51:50.041747,True,False,1022,0,0,True,0,
726,the-constitution-112th-amendment-bill-2009-amendment-of-article-243t,"The Constitution (112th Amendment) Bill, 2009 (Amendment of article 243T)",Urban Development,Lapsed,https://prsindia.org/billtrack/the-constitution-112th-amendment-bill-2009-amendment-of-article-243t,2009-11-24T00:00:00,2025-11-13T08:26:20.055678,2025-11-20T00:51:51.200860,True,False,1190,0,0,True,0,
727,the-civil-defence-amendment-bill-2009,"The Civil Defence (Amendment) Bill, 2009",Home Affairs,Passed,https://prsindia.org/billtrack/the-civil-defence-amendment-bill-2009,2009-11-23T00:00:00,2025-11-13T08:26:20.056101,2025-11-20T00:51:52.321042,True,False,2659,0,0,True,0,
728,the-national-commission-for-minority-educational-institutions-amendment-bill-2009-478,"The National Commission For Minority Educational Institutions (Amendment) Bill, 2009",Human Resource Development,Passed,https://prsindia.org/billtrack/the-national-commission-for-minority-educational-institutions-amendment-bill-2009-478,2009-08-07T00:00:00,2025-11-13T08:26:20.056520,2025-11-20T00:51:53.452923,True,False,1333,0,0,True,0,
729,the-workmen-s-compensation-amendment-bill-2009,"The Workmen’s Compensation (Amendment) Bill, 2009",Labour,Passed,https://prsindia.org/billtrack/the-workmen-s-compensation-amendment-bill-2009,2009-08-07T00:00:00,2025-11-13T08:26:20.056963,2025-11-20T00:51:54.898847,True,False,2282,0,0,True,0,
730,the-land-ports-authority-of-india-bill-2009,"The Land Ports Authority of India Bill, 2009",Home Affairs,Passed,https://prsindia.org/billtrack/the-land-ports-authority-of-india-bill-2009,2009-08-07T00:00:00,2025-11-13T08:26:20.057392,2025-11-20T00:51:56.376685,True,False,2479,0,0,True,0,
731,the-employees-state-insurance-amendment-bill-2009,"The Employees' State Insurance (Amendment) Bill, 2009",Labour,Passed,https://prsindia.org/billtrack/the-employees-state-insurance-amendment-bill-2009,2009-08-07T00:00:00,2025-11-13T08:26:20.057805,2025-11-20T00:51:57.887019,True,False,3683,0,0,True,0,
732,the-metro-railways-amendment-bill-2009-474,"The Metro Railways (Amendment) Bill, 2009",Urban Development,Passed,https://prsindia.org/billtrack/the-metro-railways-amendment-bill-2009-474,2009-08-04T00:00:00,2025-11-13T08:26:20.058220,2025-11-20T00:51:59.354048,True,False,971,0,0,False,0,
733,the-securities-and-exchange-board-of-india-amendment-bill-2009,"The Securities and Exchange Board of India (Amendment) Bill, 2009",Finance,Withdrawn,https://prsindia.org/billtrack/the-securities-and-exchange-board-of-india-amendment-bill-2009,2009-08-03T00:00:00,2025-11-13T08:26:20.058644,2025-11-20T00:52:00.477905,True,False,1788,0,0,True,0,
734,the-companies-bill-2009,"The Companies Bill, 2009",Corporate Affairs,Withdrawn,https://prsindia.org/billtrack/the-companies-bill-2009,2009-08-03T00:00:00,2025-11-13T08:26:20.059076,2025-11-20T00:52:01.711316,True,False,2653,0,0,True,0,
735,the-indian-trusts-amendment-bill-2009-471,"The Indian Trusts (Amendment) Bill, 2009",Finance,Lapsed,https://prsindia.org/billtrack/the-indian-trusts-amendment-bill-2009-471,2009-08-03T00:00:00,2025-11-13T08:26:20.059535,2025-11-20T00:52:02.895091,True,False,1697,0,0,True,0,
736,the-indian-trusts-amendment-bill-2009,"The Indian Trusts (Amendment) Bill, 2009",Unknown,Lapsed,https://prsindia.org/billtrack/the-indian-trusts-amendment-bill-2009,2009-08-03T00:00:00,2025-11-13T08:26:20.060128,2025-11-20T00:52:04.441717,True,False,901,0,0,True,0,
737,the-life-insurance-corporation-amendment-bill-2009,"The Life Insurance Corporation (Amendment) Bill, 2009",Finance,Passed,https://prsindia.org/billtrack/the-life-insurance-corporation-amendment-bill-2009,2009-07-31T00:00:00,2025-11-13T08:26:20.060643,2025-11-20T00:52:05.592817,True,False,1606,0,0,True,0,
738,the-national-green-tribunal-bill-2009,"The National Green Tribunal Bill, 2009",Environment and Forests,Passed,https://prsindia.org/billtrack/the-national-green-tribunal-bill-2009,2009-07-31T00:00:00,2025-11-13T08:26:20.061138,2025-11-20T00:52:06.746627,True,False,2028,0,0,True,0,
739,the-constitution-109th-amendment-bill-2009,"The Constitution (109th Amendment) Bill, 2009",Law and Justice,Passed,https://prsindia.org/billtrack/the-constitution-109th-amendment-bill-2009,2009-07-30T00:00:00,2025-11-13T08:26:20.061797,2025-11-20T00:52:07.952184,True,False,998,0,0,True,0,
740,the-rubber-amendment-bill-2009,"The Rubber (Amendment) Bill, 2009",Commerce and Industry,Passed,https://prsindia.org/billtrack/the-rubber-amendment-bill-2009,2009-07-28T00:00:00,2025-11-13T08:26:20.062353,2025-11-20T00:52:09.165914,True,False,1011,0,0,True,0,
741,the-national-commission-for-heritage-sites-bill-2009,"The National Commission for Heritage Sites Bill, 2009",Culture,Withdrawn,https://prsindia.org/billtrack/the-national-commission-for-heritage-sites-bill-2009,2009-02-26T00:00:00,2025-11-13T08:26:20.062824,2025-11-20T00:52:10.674635,True,False,2625,0,0,True,0,
742,the-industrial-disputes-amendment-bill-2009,"The Industrial Disputes (Amendment) Bill, 2009",Labour,Passed,https://prsindia.org/billtrack/the-industrial-disputes-amendment-bill-2009,2009-02-26T00:00:00,2025-11-13T08:26:20.063321,2025-11-20T00:52:15.590473,True,False,2168,0,0,True,0,
743,the-state-bank-of-india-subsidiary-banks-laws-amendment-bill-2009,"The State Bank of India (Subsidiary Banks Laws) Amendment Bill, 2009",Unknown,Lapsed,https://prsindia.org/billtrack/the-state-bank-of-india-subsidiary-banks-laws-amendment-bill-2009,2009-02-24T00:00:00,2025-11-13T08:26:20.063752,2025-11-20T00:52:16.820449,True,False,957,0,0,True,0,
744,the-national-capital-territory-of-delhi-laws-special-provisions-bill-2009,"The National Capital Territory of Delhi Laws (Special Provisions) Bill, 2009",Unknown,Passed,https://prsindia.org/billtrack/the-national-capital-territory-of-delhi-laws-special-provisions-bill-2009,2009-02-17T00:00:00,2025-11-13T08:26:20.064192,2025-11-20T00:52:17.984072,True,False,1037,0,0,True,0,
745,the-national-commission-for-minority-educational-institutions-amendment-bill-2009,"The National Commission for Minority Educational Institutions (Amendment) Bill, 2009",Rural Development,Lapsed,https://prsindia.org/billtrack/the-national-commission-for-minority-educational-institutions-amendment-bill-2009,2009-02-17T00:00:00,2025-11-13T08:26:20.064774,2025-11-20T00:52:19.700922,True,False,1025,0,0,True,0,
746,the-national-highways-authority-of-india-amendment-bill-2008,"The National Highways Authority of India (Amendment) Bill, 2008",Unknown,Lapsed,https://prsindia.org/billtrack/the-national-highways-authority-of-india-amendment-bill-2008,2008-12-22T00:00:00,2025-11-13T08:26:20.065384,2025-11-20T00:52:21.049803,True,False,970,0,0,True,0,
747,the-life-insurance-corporation-amendment-bill-2008,"The Life Insurance Corporation (Amendment) Bill, 2008",Unknown,Lapsed,https://prsindia.org/billtrack/the-life-insurance-corporation-amendment-bill-2008,2008-12-22T00:00:00,2025-11-13T08:26:20.065862,2025-11-20T00:52:22.199217,True,False,2150,0,0,True,0,
748,the-high-court-and-supreme-court-judges-salaries-and-conditions-of-service-amendment-bill-2008,"The High Court and Supreme Court Judges (Salaries and Conditions of Service) Amendment Bill, 2008",Unknown,Passed,https://prsindia.org/billtrack/the-high-court-and-supreme-court-judges-salaries-and-conditions-of-service-amendment-bill-2008,2008-12-22T00:00:00,2025-11-13T08:26:20.066293,2025-11-20T00:52:23.331221,True,False,1258,0,0,True,0,
749,the-scheduled-castes-and-scheduled-tribes-reservation-in-posts-and-services-bill-2008,"The Scheduled Castes and Scheduled Tribes (Reservation in Posts and Services) Bill, 2008",Unknown,Lapsed,https://prsindia.org/billtrack/the-scheduled-castes-and-scheduled-tribes-reservation-in-posts-and-services-bill-2008,2008-12-22T00:00:00,2025-11-13T08:26:20.066714,2025-11-20T00:52:24.479191,True,False,2606,0,0,True,0,
750,the-insurance-laws-amendment-bill-2008,"The Insurance Laws (Amendment) Bill, 2008",Finance,Withdrawn,https://prsindia.org/billtrack/the-insurance-laws-amendment-bill-2008,2008-12-22T00:00:00,2025-11-13T08:26:20.067222,2025-11-20T00:52:25.631956,True,False,2977,0,0,True,0,
751,the-agricultural-and-processed-food-products-export-development-authority-amendment-bill-2008,"The Agricultural and Processed Food Products Export Development Authority (Amendment) Bill, 2008",Unknown,Passed,https://prsindia.org/billtrack/the-agricultural-and-processed-food-products-export-development-authority-amendment-bill-2008,2008-12-22T00:00:00,2025-11-13T08:26:20.067792,2025-11-20T00:52:26.751221,True,False,1612,0,0,True,0,
752,the-prevention-of-corruption-amendment-bill-2008,"The Prevention of Corruption (Amendment) Bill, 2008",Unknown,Lapsed,https://prsindia.org/billtrack/the-prevention-of-corruption-amendment-bill-2008,2008-12-19T00:00:00,2025-11-13T08:26:20.068280,2025-11-20T00:52:28.198817,True,False,1950,0,0,True,0,
753,the-south-asian-university-bill-2008,"The South Asian University Bill, 2008",Unknown,Passed,https://prsindia.org/billtrack/the-south-asian-university-bill-2008,2008-12-19T00:00:00,2025-11-13T08:26:20.068702,2025-11-20T00:52:29.434380,True,False,137,0,0,True,0,
754,the-central-industrial-security-force-amendment-bill-2008,"The Central Industrial Security Force (Amendment) Bill, 2008",Unknown,Passed,https://prsindia.org/billtrack/the-central-industrial-security-force-amendment-bill-2008,2008-12-18T00:00:00,2025-11-13T08:26:20.069143,2025-11-20T00:52:31.503268,True,False,909,0,0,True,0,
755,the-land-ports-authority-of-india-bill-2008,"The Land Ports Authority of India Bill, 2008",Unknown,Lapsed,https://prsindia.org/billtrack/the-land-ports-authority-of-india-bill-2008,2008-12-18T00:00:00,2025-11-13T08:26:20.069639,2025-11-20T00:52:32.699061,True,False,2489,0,0,True,0,
756,the-railway-property-unlawful-possession-amendment-bill-2008,"The Railway Property (Unlawful Possession) Amendment Bill, 2008",Railways,Passed,https://prsindia.org/billtrack/the-railway-property-unlawful-possession-amendment-bill-2008,2008-12-18T00:00:00,2025-11-13T08:26:20.070353,2025-11-20T00:52:33.850844,True,False,837,0,0,True,0,
757,the-national-investigation-agency-bill-2008,"The National Investigation Agency Bill, 2008",Unknown,Passed,https://prsindia.org/billtrack/the-national-investigation-agency-bill-2008,2008-12-16T00:00:00,2025-11-13T08:26:20.071072,2025-11-20T00:52:35.015800,True,False,137,0,0,True,0,
758,the-unlawful-activities-prevention-amendment-bill-2008,"The Unlawful Activities (Prevention) Amendment Bill, 2008",Unknown,Passed,https://prsindia.org/billtrack/the-unlawful-activities-prevention-amendment-bill-2008,2008-12-16T00:00:00,2025-11-13T08:26:20.071566,2025-11-20T00:52:36.246717,True,False,1001,0,0,True,0,
759,the-telecom-regulatory-authority-of-india-amendment-bill-2008,"The Telecom Regulatory Authority of India (Amendment) Bill, 2008",Communication and IT,Withdrawn,https://prsindia.org/billtrack/the-telecom-regulatory-authority-of-india-amendment-bill-2008,2008-12-15T00:00:00,2025-11-13T08:26:20.072090,2025-11-20T00:52:37.768683,True,False,3169,0,0,True,0,
760,the-right-to-education-bill-2008,"The Right to Education Bill, 2008",Unknown,Passed,https://prsindia.org/billtrack/the-right-to-education-bill-2008,2008-12-15T00:00:00,2025-11-13T08:26:20.072517,2025-11-20T00:52:40.131155,True,False,2436,0,0,True,0,
761,the-protection-and-utilisation-of-public-funded-intellectual-property-bill-2008,"The Protection and Utilisation of Public Funded Intellectual Property Bill, 2008",Science and Technology,Withdrawn,https://prsindia.org/billtrack/the-protection-and-utilisation-of-public-funded-intellectual-property-bill-2008,2008-12-15T00:00:00,2025-11-13T08:26:20.072972,2025-11-20T00:52:41.264367,True,False,3119,0,0,True,0,
762,the-companies-bill-2008,"The Companies Bill, 2008",Unknown,Lapsed,https://prsindia.org/billtrack/the-companies-bill-2008,2008-10-30T00:00:00,2025-11-13T08:26:20.073405,2025-11-20T00:52:42.399277,True,False,2009,0,0,True,0,
763,the-governors-emoluments-allowances-and-privileges-amendment-bill-2008,"The Governors (Emoluments, Allowances and Privileges) Amendment Bill, 2008",Unknown,Passed,https://prsindia.org/billtrack/the-governors-emoluments-allowances-and-privileges-amendment-bill-2008,2008-10-24T00:00:00,2025-11-13T08:26:20.073823,2025-11-20T00:52:43.521867,True,False,1035,0,0,True,0,
764,the-legal-metrology-bill-2008,"The Legal Metrology Bill, 2008",Consumer Affairs and Food Distribution,Passed,https://prsindia.org/billtrack/the-legal-metrology-bill-2008,2008-10-24T00:00:00,2025-11-13T08:26:20.074236,2025-11-20T00:52:44.643746,True,False,2024,0,0,True,0,
765,the-post-graduate-institute-of-medical-education-and-research-chandigarh-amendment-bill-2008,"The Post Graduate Institute of Medical Education and Research, Chandigarh (Amendment) Bill, 2008",Unknown,Passed,https://prsindia.org/billtrack/the-post-graduate-institute-of-medical-education-and-research-chandigarh-amendment-bill-2008,2008-10-24T00:00:00,2025-11-13T08:26:20.074657,2025-11-20T00:52:45.771025,True,False,1162,0,0,True,0,
766,the-president-s-emoluments-and-pension-amendment-bill-2008,"The President’s Emoluments and Pension (Amendment) Bill, 2008",Unknown,Passed,https://prsindia.org/billtrack/the-president-s-emoluments-and-pension-amendment-bill-2008,2008-10-24T00:00:00,2025-11-13T08:26:20.075107,2025-11-20T00:52:46.889085,True,False,1009,0,0,True,0,
767,the-salaries-and-allowances-of-officers-of-parliament-amendment-bill-2008,"The Salaries and Allowances of Officers of Parliament (Amendment) Bill, 2008",Unknown,Passed,https://prsindia.org/billtrack/the-salaries-and-allowances-of-officers-of-parliament-amendment-bill-2008,2008-10-24T00:00:00,2025-11-13T08:26:20.075566,2025-11-20T00:52:48.377708,True,False,1035,0,0,True,0,
768,the-representation-of-the-people-second-amendment-bill-2008,"The Representation of the People (Second Amendment) Bill, 2008",Unknown,Passed,https://prsindia.org/billtrack/the-representation-of-the-people-second-amendment-bill-2008,2008-10-24T00:00:00,2025-11-13T08:26:20.076124,2025-11-20T00:52:49.657703,True,False,2195,0,0,True,0,
769,the-vice-president-s-pension-amendment-bill-2008,"The Vice-President’s Pension (Amendment) Bill, 2008",Unknown,Passed,https://prsindia.org/billtrack/the-vice-president-s-pension-amendment-bill-2008,2008-10-24T00:00:00,2025-11-13T08:26:20.076583,2025-11-20T00:52:50.815124,True,False,989,0,0,True,0,
770,the-science-and-engineering-research-board-bill-2008,"The Science and Engineering Research Board Bill, 2008",Unknown,Passed,https://prsindia.org/billtrack/the-science-and-engineering-research-board-bill-2008,2008-10-23T00:00:00,2025-11-13T08:26:20.077020,2025-11-20T00:52:52.248765,True,False,991,0,0,True,0,
771,the-central-universities-bill-2008,"The Central Universities Bill, 2008",Unknown,Withdrawn,https://prsindia.org/billtrack/the-central-universities-bill-2008,2008-10-23T00:00:00,2025-11-13T08:26:20.077442,2025-11-20T00:52:53.719278,True,False,3380,0,0,True,0,
772,the-limited-liability-partnership-bill-2008,"The Limited Liability Partnership Bill, 2008",Unknown,Passed,https://prsindia.org/billtrack/the-limited-liability-partnership-bill-2008,2008-10-21T00:00:00,2025-11-13T08:26:20.077862,2025-11-20T00:52:54.896822,True,False,973,0,0,True,0,
773,the-gram-nyayalayas-bill-2008,"The Gram Nyayalayas Bill, 2008",Unknown,Passed,https://prsindia.org/billtrack/the-gram-nyayalayas-bill-2008,2008-10-21T00:00:00,2025-11-13T08:26:20.078275,2025-11-20T00:52:56.057667,True,False,949,0,0,True,0,
774,the-plantations-labour-amendment-bill-2008,"The Plantations Labour (Amendment) Bill, 2008",Labour,Passed,https://prsindia.org/billtrack/the-plantations-labour-amendment-bill-2008,2008-10-21T00:00:00,2025-11-13T08:26:20.078698,2025-11-20T00:52:58.028940,True,False,1161,0,0,True,0,
775,the-employees-state-insurance-amendment-bill-2008,"The Employees’ State Insurance (Amendment) Bill, 2008",Unknown,Lapsed,https://prsindia.org/billtrack/the-employees-state-insurance-amendment-bill-2008,2008-10-21T00:00:00,2025-11-13T08:26:20.079129,2025-11-20T00:52:59.144360,True,False,2399,0,0,True,0,
776,the-pesticide-management-bill-2008,"The Pesticide Management Bill, 2008",Unknown,Withdrawn,https://prsindia.org/billtrack/the-pesticide-management-bill-2008,2008-10-21T00:00:00,2025-11-13T08:26:20.079556,2025-11-20T00:53:00.266351,True,False,2060,0,0,True,0,
777,the-railways-second-amendment-bill-2008,"The Railways (Second Amendment) Bill, 2008",Unknown,Lapsed,https://prsindia.org/billtrack/the-railways-second-amendment-bill-2008,2008-10-20T00:00:00,2025-11-13T08:26:20.079968,2025-11-20T00:53:01.403334,True,False,651,0,0,True,0,
778,the-workmen-s-compensation-amendment-bill-2008,"The Workmen’s Compensation (Amendment) Bill, 2008",Unknown,Lapsed,https://prsindia.org/billtrack/the-workmen-s-compensation-amendment-bill-2008,2008-10-20T00:00:00,2025-11-13T08:26:20.080382,2025-11-20T00:53:18.517856,True,False,1666,0,0,True,0,
779,the-prevention-of-money-laundering-amendment-bill-2008,"The Prevention of Money Laundering (Amendment) Bill, 2008",Unknown,Passed,https://prsindia.org/billtrack/the-prevention-of-money-laundering-amendment-bill-2008,2008-10-17T00:00:00,2025-11-13T08:26:20.080815,2025-11-20T00:53:20.038584,True,False,1995,0,0,True,0,
780,the-mines-and-minerals-development-and-regulation-amendment-bill-2008,The Mines and Minerals (Development and Regulation) Amendment Bill 2008,Mines,Passed,https://prsindia.org/billtrack/the-mines-and-minerals-development-and-regulation-amendment-bill-2008,2008-10-17T00:00:00,2025-11-13T08:26:20.081251,2025-11-20T00:53:21.272106,True,False,1194,0,0,True,0,
781,womens-reservation-bill-the-constitution-108th-amendment-bill-2008-45,"Women's Reservation Bill [The Constitution (108th Amendment) Bill, 2008]",Law and Justice,Lapsed,https://prsindia.org/billtrack/womens-reservation-bill-the-constitution-108th-amendment-bill-2008-45,2008-05-06T00:00:00,2025-11-13T08:26:20.081702,2025-11-20T00:53:22.557708,True,False,2080,0,0,True,0,
782,the-compensatory-afforestation-fund-bill-2008,"The Compensatory Afforestation Fund Bill, 2008",Unknown,Lapsed,https://prsindia.org/billtrack/the-compensatory-afforestation-fund-bill-2008,2008-05-05T00:00:00,2025-11-13T08:26:20.082114,2025-11-20T00:53:23.754096,True,False,2237,0,0,True,0,
783,the-supreme-court-number-of-judges-amendment-bill-2008,"The Supreme Court (Number of Judges) Amendment Bill, 2008",Unknown,Passed,https://prsindia.org/billtrack/the-supreme-court-number-of-judges-amendment-bill-2008,2008-04-29T00:00:00,2025-11-13T08:26:20.082533,2025-11-20T00:53:24.879597,True,False,1100,0,0,True,0,
784,the-constitution-scheduled-tribes-order-amendment-bill-2008,"The Constitution (Scheduled Tribes) Order (Amendment) Bill, 2008",Unknown,Passed,https://prsindia.org/billtrack/the-constitution-scheduled-tribes-order-amendment-bill-2008,2008-03-17T00:00:00,2025-11-13T08:26:20.082963,2025-11-20T00:53:26.265366,True,False,1010,0,0,True,0,
785,the-forward-contracts-regulation-amendment-bill-2008,"The Forward Contracts (Regulation) Amendment Bill, 2008",Unknown,Lapsed,https://prsindia.org/billtrack/the-forward-contracts-regulation-amendment-bill-2008,2008-03-13T00:00:00,2025-11-13T08:26:20.083383,2025-11-20T00:53:28.239445,True,False,2033,0,0,True,0,
786,the-central-universities-laws-amendment-bill-2008,"The Central Universities Laws (Amendment) Bill, 2008",Unknown,Passed,https://prsindia.org/billtrack/the-central-universities-laws-amendment-bill-2008,2008-03-11T00:00:00,2025-11-13T08:26:20.083798,2025-11-20T00:53:29.451897,True,False,846,0,0,True,0,
787,the-sugar-development-fund-amendment-bill-2008,"The Sugar Development Fund (Amendment) Bill, 2008",Unknown,Passed,https://prsindia.org/billtrack/the-sugar-development-fund-amendment-bill-2008,2008-03-11T00:00:00,2025-11-13T08:26:20.084215,2025-11-20T00:53:30.718983,True,False,986,0,0,True,0,
788,the-prasar-bharati-broadcasting-corporation-of-india-amendment-bill-2008,"The Prasar Bharati (Broadcasting Corporation of India) Amendment Bill, 2008",Unknown,Passed,https://prsindia.org/billtrack/the-prasar-bharati-broadcasting-corporation-of-india-amendment-bill-2008,2008-03-10T00:00:00,2025-11-13T08:26:20.084631,2025-11-20T00:53:31.882478,True,False,1035,0,0,True,0,
789,the-representation-of-the-people-amendment-bill-2008,"The Representation of the People (Amendment) Bill, 2008",Unknown,Passed,https://prsindia.org/billtrack/the-representation-of-the-people-amendment-bill-2008,2008-03-10T00:00:00,2025-11-13T08:26:20.085058,2025-11-20T00:53:33.207410,True,False,997,0,0,True,0,
790,the-food-safety-and-standards-amendment-bill-2008,"The Food Safety and Standards (Amendment) Bill, 2008",Unknown,Passed,https://prsindia.org/billtrack/the-food-safety-and-standards-amendment-bill-2008,2008-03-03T00:00:00,2025-11-13T08:26:20.085474,2025-11-20T00:53:34.327169,True,False,997,0,0,True,0,
791,the-delimitation-amendment-bill-2008,"The Delimitation (Amendment) Bill, 2008",Unknown,Passed,https://prsindia.org/billtrack/the-delimitation-amendment-bill-2008,2008-03-03T00:00:00,2025-11-13T08:26:20.085895,2025-11-20T00:53:35.498568,True,False,965,0,0,True,0,
792,the-railways-amendment-bill-2008,"The Railways (Amendment) Bill, 2008",Unknown,Passed,https://prsindia.org/billtrack/the-railways-amendment-bill-2008,2008-03-03T00:00:00,2025-11-13T08:26:20.086356,2025-11-20T00:53:36.833449,True,False,955,0,0,True,0,
793,the-authority-for-advance-rulings-on-central-taxes-bill-2007,"The Authority for Advance Rulings on Central Taxes Bill, 2007",Unknown,Lapsed,https://prsindia.org/billtrack/the-authority-for-advance-rulings-on-central-taxes-bill-2007,2007-12-07T00:00:00,2025-11-13T08:26:20.086999,2025-11-14T19:39:48.727077,True,True,995,0,1,True,985,api_llm
794,the-rehabilitation-and-resettlement-bill-2007,"The Rehabilitation and Resettlement Bill, 2007",Unknown,Lapsed,https://prsindia.org/billtrack/the-rehabilitation-and-resettlement-bill-2007,2007-12-06T00:00:00,2025-11-13T08:26:20.087828,2025-11-20T00:53:39.104102,True,False,2180,0,0,True,0,
795,the-land-acquisition-amendment-bill-2007,"The Land Acquisition (Amendment) Bill, 2007",Rural Development,Lapsed,https://prsindia.org/billtrack/the-land-acquisition-amendment-bill-2007,2007-12-06T00:00:00,2025-11-13T08:26:20.088353,2025-11-20T00:53:40.688705,True,False,2376,0,0,True,0,
796,the-paramedical-and-physiotherapy-central-councils-bill-2007,"The Paramedical and Physiotherapy Central Councils Bill, 2007",Unknown,Lapsed,https://prsindia.org/billtrack/the-paramedical-and-physiotherapy-central-councils-bill-2007,2007-12-04T00:00:00,2025-11-13T08:26:20.088916,2025-11-20T00:53:41.872277,True,False,1985,0,0,True,0,
797,the-sixth-schedule-to-the-constitution-amendment-bill-2007,"The Sixth Schedule to the Constitution (Amendment) Bill, 2007",Unknown,Lapsed,https://prsindia.org/billtrack/the-sixth-schedule-to-the-constitution-amendment-bill-2007,2007-11-30T00:00:00,2025-11-13T08:26:20.089362,2025-11-20T00:53:43.338111,True,False,1942,0,0,True,0,
798,the-constitution-107th-amendment-bill-2007,"The Constitution (107th Amendment) Bill, 2007",Unknown,Lapsed,https://prsindia.org/billtrack/the-constitution-107th-amendment-bill-2007,2007-11-30T00:00:00,2025-11-13T08:26:20.089778,2025-11-20T00:53:44.492845,True,False,1942,0,0,True,0,
799,the-constitution-scheduled-tribes-union-territories-order-amendment-bill-2007,"The Constitution (Scheduled Tribes) (Union Territories) Order (Amendment) Bill, 2007",Unknown,Passed,https://prsindia.org/billtrack/the-constitution-scheduled-tribes-union-territories-order-amendment-bill-2007,2007-11-27T00:00:00,2025-11-13T08:26:20.090194,2025-11-20T00:53:45.617992,True,False,814,0,0,True,0,
800,the-payment-of-gratuity-amendment-bill-2007,"The Payment of Gratuity (Amendment) Bill, 2007",Unknown,Lapsed,https://prsindia.org/billtrack/the-payment-of-gratuity-amendment-bill-2007,2007-11-26T00:00:00,2025-11-13T08:26:20.090611,2025-11-20T00:53:46.833615,True,False,1371,0,0,True,0,
801,the-nepa-limited-disinvestment-of-ownership-bill-2007,"The NEPA Limited (Disinvestment of Ownership) Bill, 2007",Unknown,Lapsed,https://prsindia.org/billtrack/the-nepa-limited-disinvestment-of-ownership-bill-2007,2007-11-22T00:00:00,2025-11-13T08:26:20.091105,2025-11-20T00:53:48.017460,True,False,1687,0,0,True,0,
802,the-national-capital-territory-of-delhi-laws-special-provisions-second-bill-2007,"The National Capital Territory of Delhi Laws (Special Provisions) Second Bill, 2007",Unknown,Passed,https://prsindia.org/billtrack/the-national-capital-territory-of-delhi-laws-special-provisions-second-bill-2007,2007-11-22T00:00:00,2025-11-13T08:26:20.091538,2025-11-20T00:53:49.115475,True,False,1051,0,0,True,0,
803,the-payment-of-bonus-amendment-bill-2007,"The Payment of Bonus (Amendment) Bill, 2007",Unknown,Passed,https://prsindia.org/billtrack/the-payment-of-bonus-amendment-bill-2007,2007-11-22T00:00:00,2025-11-13T08:26:20.091956,2025-11-20T00:53:50.201692,True,False,969,0,0,True,0,
804,the-unorganised-sector-workers-social-security-bill-2007,"The Unorganised Sector Workers’ Social Security Bill, 2007",Unknown,Passed,https://prsindia.org/billtrack/the-unorganised-sector-workers-social-security-bill-2007,2007-09-10T00:00:00,2025-11-13T08:26:20.092376,2025-11-20T00:53:51.288178,True,False,1871,0,0,True,0,
805,the-rajiv-gandhi-institute-of-petroleum-technology-bill-2007,"The Rajiv Gandhi Institute of Petroleum Technology Bill, 2007",Unknown,Passed,https://prsindia.org/billtrack/the-rajiv-gandhi-institute-of-petroleum-technology-bill-2007,2007-09-07T00:00:00,2025-11-13T08:26:20.092791,2025-11-20T00:53:52.373515,True,False,1035,0,0,True,0,
806,the-airports-economic-regulatory-authority-of-india-bill-2007,"The Airports Economic Regulatory Authority of India Bill, 2007",Unknown,Passed,https://prsindia.org/billtrack/the-airports-economic-regulatory-authority-of-india-bill-2007,2007-09-05T00:00:00,2025-11-13T08:26:20.093223,2025-11-20T00:53:53.476825,True,False,2163,0,0,True,0,
807,the-clinical-establishments-registration-and-regulation-bill-2007,"The Clinical Establishments (Registration and Regulation) Bill, 2007",Unknown,Lapsed,https://prsindia.org/billtrack/the-clinical-establishments-registration-and-regulation-bill-2007,2007-08-30T00:00:00,2025-11-13T08:26:20.093651,2025-11-20T00:53:54.564010,True,False,2126,0,0,True,0,
808,the-national-waterway-lakhipur-bhanga-stretch-of-the-barak-river-bill-2007,"The National Waterway (Lakhipur-Bhanga Stretch of the Barak River) Bill, 2007",Unknown,Lapsed,https://prsindia.org/billtrack/the-national-waterway-lakhipur-bhanga-stretch-of-the-barak-river-bill-2007,2007-08-29T00:00:00,2025-11-13T08:26:20.094080,2025-11-20T00:53:55.651319,True,False,2089,0,0,True,0,
809,the-trade-marks-amendment-bill-2007,"The Trade Marks (Amendment) Bill, 2007",Unknown,Lapsed,https://prsindia.org/billtrack/the-trade-marks-amendment-bill-2007,2007-08-23T00:00:00,2025-11-13T08:26:20.094496,2025-11-20T00:53:56.736084,True,False,2486,0,0,True,0,
810,the-indira-gandhi-national-tribal-university-bill-2007,"The Indira Gandhi National Tribal University Bill, 2007",Unknown,Passed,https://prsindia.org/billtrack/the-indira-gandhi-national-tribal-university-bill-2007,2007-08-23T00:00:00,2025-11-13T08:26:20.094929,2025-11-20T00:53:57.827828,True,False,1105,0,0,True,0,
811,the-drugs-and-cosmetics-amendment-bill-2007,"The Drugs and Cosmetics (Amendment) Bill, 2007",Health,Withdrawn,https://prsindia.org/billtrack/the-drugs-and-cosmetics-amendment-bill-2007,2007-08-21T00:00:00,2025-11-13T08:26:20.095356,2025-11-20T00:53:58.937577,True,False,2737,0,0,True,0,
812,the-all-india-institute-of-medical-sciences-and-the-post-graduate-institute-of-medical-education-and-research-amendment-bill-2007,"The All-India Institute of Medical Sciences and the Post-Graduate Institute of Medical Education and Research (Amendment) Bill, 2007",Unknown,Passed,https://prsindia.org/billtrack/the-all-india-institute-of-medical-sciences-and-the-post-graduate-institute-of-medical-education-and-research-amendment-bill-2007,2007-08-20T00:00:00,2025-11-13T08:26:20.095803,2025-11-20T00:54:00.043301,True,False,1155,0,0,True,0,
813,the-cigarettes-and-other-tobacco-products-prohibition-of-advertisement-and-regulation-of-trade-and-commerce-production-supply-and-distribution-amendment-bill-2007,"The Cigarettes and Other Tobacco Products (Prohibition of Advertisement and Regulation of Trade and Commerce, Production, Supply and Distribution) Amendment Bill, 2007",Unknown,Passed,https://prsindia.org/billtrack/the-cigarettes-and-other-tobacco-products-prohibition-of-advertisement-and-regulation-of-trade-and-commerce-production-supply-and-distribution-amendment-bill-2007,2007-08-20T00:00:00,2025-11-13T08:26:20.096248,2025-11-20T00:54:01.126644,True,False,1217,0,0,True,0,
814,the-state-bank-of-india-amendment-bill-2007,"The State Bank of India (Amendment) Bill, 2007",Unknown,Passed,https://prsindia.org/billtrack/the-state-bank-of-india-amendment-bill-2007,2007-08-16T00:00:00,2025-11-13T08:26:20.096667,2025-11-20T00:54:02.216936,True,False,975,0,0,True,0,
815,the-private-detective-agencies-regulation-bill-2007,"The Private Detective Agencies (Regulation) Bill, 2007",Home Affairs,Withdrawn,https://prsindia.org/billtrack/the-private-detective-agencies-regulation-bill-2007,2007-08-13T00:00:00,2025-11-13T08:26:20.097106,2025-11-20T00:54:03.361885,True,False,1953,0,0,True,0,
816,the-collection-of-statistics-bill-2007,"The Collection of Statistics Bill, 2007",Unknown,Passed,https://prsindia.org/billtrack/the-collection-of-statistics-bill-2007,2007-05-17T00:00:00,2025-11-13T08:26:20.097519,2025-11-20T00:54:04.447081,True,False,3057,0,0,True,0,
817,the-tyre-corporation-of-india-limited-disinvestment-of-ownership-bill-2007,"The Tyre Corporation of India Limited (Disinvestment of Ownership) Bill, 2007",Unknown,Passed,https://prsindia.org/billtrack/the-tyre-corporation-of-india-limited-disinvestment-of-ownership-bill-2007,2007-05-17T00:00:00,2025-11-13T08:26:20.097940,2025-11-20T00:54:05.534392,True,False,2983,0,0,True,0,
818,the-motor-vehicles-amendment-bill-2007,"The Motor Vehicles (Amendment) Bill, 2007",Roads,Lapsed,https://prsindia.org/billtrack/the-motor-vehicles-amendment-bill-2007,2007-05-15T00:00:00,2025-11-13T08:26:20.098353,2025-11-20T00:54:06.623588,True,False,1976,0,0,True,0,
819,the-gram-nyayalayas-bill-2007,"The Gram Nyayalayas Bill, 2007",Unknown,Withdrawn,https://prsindia.org/billtrack/the-gram-nyayalayas-bill-2007,2007-05-15T00:00:00,2025-11-13T08:26:20.098795,2025-11-20T00:54:07.708480,True,False,2598,0,0,True,0,
820,the-maternity-benefit-amendment-bill-2007,"The Maternity Benefit (Amendment) Bill, 2007",Unknown,Passed,https://prsindia.org/billtrack/the-maternity-benefit-amendment-bill-2007,2007-05-14T00:00:00,2025-11-13T08:26:20.099237,2025-11-20T00:54:08.794970,True,False,2416,0,0,True,0,
821,the-damodar-valley-corporation-amendment-bill-2007,"The Damodar Valley Corporation (Amendment) Bill, 2007",Unknown,Lapsed,https://prsindia.org/billtrack/the-damodar-valley-corporation-amendment-bill-2007,2007-05-04T00:00:00,2025-11-13T08:26:20.099655,2025-11-20T00:54:09.903793,True,False,1590,0,0,True,0,
822,the-carriage-by-air-amendment-bill-2007,"The Carriage by Air (Amendment) Bill, 2007",Unknown,Passed,https://prsindia.org/billtrack/the-carriage-by-air-amendment-bill-2007,2007-05-04T00:00:00,2025-11-13T08:26:20.100096,2025-11-20T00:54:11.004297,True,False,2226,0,0,True,0,
823,the-seaman-s-provident-fund-amendment-bill-2007,"The Seaman's Provident Fund (Amendment) Bill, 2007",Roads,Withdrawn,https://prsindia.org/billtrack/the-seaman-s-provident-fund-amendment-bill-2007,2007-05-03T00:00:00,2025-11-13T08:26:20.100514,2025-11-20T00:54:12.093363,True,False,3170,0,0,True,0,
824,the-maintenance-and-welfare-of-parents-and-senior-citizens-bill-2007,"The Maintenance and Welfare of Parents and Senior Citizens Bill, 2007",Unknown,Passed,https://prsindia.org/billtrack/the-maintenance-and-welfare-of-parents-and-senior-citizens-bill-2007,2007-03-20T00:00:00,2025-11-13T08:26:20.100949,2025-11-20T00:54:13.183706,True,False,1955,0,0,True,0,
825,the-micro-financial-sector-development-and-regulation-bill-2007,"The Micro Financial Sector (Development and Regulation) Bill, 2007",Unknown,Lapsed,https://prsindia.org/billtrack/the-micro-financial-sector-development-and-regulation-bill-2007,2007-03-20T00:00:00,2025-11-13T08:26:20.101369,2025-11-20T00:54:14.269172,True,False,2047,0,0,True,0,
826,the-indian-maritime-university-bill-2007,"The Indian Maritime University Bill, 2007",Unknown,Passed,https://prsindia.org/billtrack/the-indian-maritime-university-bill-2007,2007-03-13T00:00:00,2025-11-13T08:26:20.101803,2025-11-20T00:54:15.360416,True,False,3204,0,0,True,0,
827,the-mizoram-university-amendment-bill-2007,"The Mizoram University (Amendment) Bill, 2007",Unknown,Passed,https://prsindia.org/billtrack/the-mizoram-university-amendment-bill-2007,2007-03-12T00:00:00,2025-11-13T08:26:20.102229,2025-11-20T00:54:16.444996,True,False,975,0,0,True,0,
828,the-taxation-laws-amendment-bill-2007,"The Taxation Laws (Amendment) Bill, 2007",Unknown,Passed,https://prsindia.org/billtrack/the-taxation-laws-amendment-bill-2007,2007-03-09T00:00:00,2025-11-13T08:26:20.102658,2025-11-14T19:39:39.091817,True,False,963,0,0,True,0,
829,the-banking-regulation-amendment-bill-2007,"The Banking Regulation (Amendment) Bill, 2007",Unknown,Passed,https://prsindia.org/billtrack/the-banking-regulation-amendment-bill-2007,2007-03-09T00:00:00,2025-11-13T08:26:20.103281,2025-11-20T00:54:18.618150,True,False,973,0,0,True,0,
830,the-national-rural-employment-guarantee-extension-to-jammu-and-kashmir-bill-2007,"The National Rural Employment Guarantee (Extension To Jammu and Kashmir) Bill, 2007",Unknown,Passed,https://prsindia.org/billtrack/the-national-rural-employment-guarantee-extension-to-jammu-and-kashmir-bill-2007,2007-03-07T00:00:00,2025-11-13T08:26:20.104083,2025-11-20T00:54:19.699812,True,False,202,0,0,True,0,
831,the-jawaharlal-institute-of-post-graduate-medical-education-and-research-puducherry-bill-2007,"The Jawaharlal Institute of Post-Graduate Medical Education and Research, Puducherry Bill, 2007",Unknown,Passed,https://prsindia.org/billtrack/the-jawaharlal-institute-of-post-graduate-medical-education-and-research-puducherry-bill-2007,2007-03-07T00:00:00,2025-11-13T08:26:20.104688,2025-11-20T00:54:20.807100,True,False,2099,0,0,True,0,
832,the-national-institute-of-pharmaceutical-education-and-research-amendment-bill-2007,"The National Institute of Pharmaceutical Education and Research (Amendment) Bill, 2007",Unknown,Passed,https://prsindia.org/billtrack/the-national-institute-of-pharmaceutical-education-and-research-amendment-bill-2007,2007-03-01T00:00:00,2025-11-13T08:26:20.105220,2025-11-20T00:54:21.906134,True,False,1060,0,0,True,0,
833,the-national-tax-tribunal-amendment-bill-2007,"The National Tax Tribunal (Amendment) Bill, 2007",Unknown,Passed,https://prsindia.org/billtrack/the-national-tax-tribunal-amendment-bill-2007,2007-03-01T00:00:00,2025-11-13T08:26:20.105746,2025-11-14T19:39:44.695455,True,False,983,0,0,True,0,
834,the-sports-broadcasting-signals-mandatory-sharing-with-prasar-bharati-bill-2007,"The Sports Broadcasting Signals (Mandatory Sharing with Prasar Bharati) Bill, 2007",Unknown,Passed,https://prsindia.org/billtrack/the-sports-broadcasting-signals-mandatory-sharing-with-prasar-bharati-bill-2007,2007-03-01T00:00:00,2025-11-13T08:26:20.106408,2025-11-20T00:54:24.075497,True,False,1049,0,0,True,0,
835,the-cable-television-networks-regulation-amendment-bill-2006,"The Cable Television Networks (Regulation) Amendment Bill, 2006",Unknown,Passed,https://prsindia.org/billtrack/the-cable-television-networks-regulation-amendment-bill-2006,2006-12-19T00:00:00,2025-11-13T08:26:20.107313,2025-11-20T00:54:25.165544,True,False,1011,0,0,True,0,
836,the-judges-inquiry-bill-2006,"The Judges (Inquiry) Bill, 2006",Unknown,Lapsed,https://prsindia.org/billtrack/the-judges-inquiry-bill-2006,2006-12-19T00:00:00,2025-11-13T08:26:20.107975,2025-11-20T00:54:26.260085,True,False,2083,0,0,True,0,
837,the-central-road-fund-amendment-bill-2006,"The Central Road Fund (Amendment) Bill, 2006",Unknown,Passed,https://prsindia.org/billtrack/the-central-road-fund-amendment-bill-2006,2006-12-18T00:00:00,2025-11-13T08:26:20.108435,2025-11-20T00:54:27.342791,True,False,973,0,0,True,0,
838,the-foreign-contribution-regulation-bill-2006,"The Foreign Contribution (Regulation) Bill, 2006",Home Affairs,Passed,https://prsindia.org/billtrack/the-foreign-contribution-regulation-bill-2006,2006-12-18T00:00:00,2025-11-13T08:26:20.108864,2025-11-20T00:54:28.438805,True,False,2064,0,0,True,0,
839,the-state-bank-of-india-amendment-bill-2006,"The State Bank of India (Amendment) Bill, 2006",Unknown,Lapsed,https://prsindia.org/billtrack/the-state-bank-of-india-amendment-bill-2006,2006-12-18T00:00:00,2025-11-13T08:26:20.109322,2025-11-20T00:54:29.527373,True,False,2365,0,0,True,0,
840,the-securities-contracts-regulation-amendment-bill-2006,"The Securities Contracts (Regulation) Amendment Bill, 2006",Unknown,Passed,https://prsindia.org/billtrack/the-securities-contracts-regulation-amendment-bill-2006,2006-12-15T00:00:00,2025-11-13T08:26:20.109742,2025-11-20T00:54:30.610679,True,False,999,0,0,True,0,
841,the-limited-liability-partnership-bill-2006,"The Limited Liability Partnership Bill, 2006",Unknown,Withdrawn,https://prsindia.org/billtrack/the-limited-liability-partnership-bill-2006,2006-12-15T00:00:00,2025-11-13T08:26:20.110149,2025-11-20T00:54:31.709380,True,False,2523,0,0,True,0,
842,the-information-technology-amendment-bill-2006,"The Information Technology (Amendment) Bill, 2006",Unknown,Passed,https://prsindia.org/billtrack/the-information-technology-amendment-bill-2006,2006-12-15T00:00:00,2025-11-13T08:26:20.110583,2025-11-20T00:54:32.810379,True,False,1996,0,0,True,0,
843,the-national-waterway-kakinada-pondicherry-stretch-of-canals-and-the-kaluvelly-tank-bhadrachalam-rajahmundry-stretch-of-river-godavari-and-wazirabad-vijayawada-stretch-of-river-krishna-bill-2006,"The National Waterway (Kakinada-Pondicherry Stretch of Canals and the Kaluvelly Tank, Bhadrachalam-Rajahmundry Stretch of River Godavari and Wazirabad-Vijayawada Stretch of River Krishna) Bill, 2006",Unknown,Passed,https://prsindia.org/billtrack/the-national-waterway-kakinada-pondicherry-stretch-of-canals-and-the-kaluvelly-tank-bhadrachalam-rajahmundry-stretch-of-river-godavari-and-wazirabad-vijayawada-stretch-of-river-krishna-bill-2006,2006-12-08T00:00:00,2025-11-13T08:26:20.111007,2025-11-20T00:54:33.897939,True,False,2089,0,0,True,0,
844,the-national-waterway-talcher-dhamra-stretch-of-rivers-geonkhali-charbatia-dhamra-stretch-of-matai-river-and-mahanadi-delta-rivers-bill-2006,"The National Waterway (Talcher-Dhamra Stretch of Rivers Geonkhali-Charbatia-Dhamra Stretch of Matai River and Mahanadi Delta Rivers) Bill, 2006",Unknown,Passed,https://prsindia.org/billtrack/the-national-waterway-talcher-dhamra-stretch-of-rivers-geonkhali-charbatia-dhamra-stretch-of-matai-river-and-mahanadi-delta-rivers-bill-2006,2006-12-08T00:00:00,2025-11-13T08:26:20.111443,2025-11-20T00:54:34.996381,True,False,2089,0,0,True,0,
845,the-central-educational-institutions-reservation-in-admission-bill-2006,"The Central Educational Institutions (Reservation in Admission) Bill, 2006",Unknown,Passed,https://prsindia.org/billtrack/the-central-educational-institutions-reservation-in-admission-bill-2006,2006-08-25T00:00:00,2025-11-13T08:26:20.111858,2025-11-20T00:54:36.082573,True,False,1123,0,0,True,0,
846,the-code-of-criminal-procedure-amendment-bill-2006,"The Code of Criminal Procedure (Amendment) Bill, 2006",Unknown,Passed,https://prsindia.org/billtrack/the-code-of-criminal-procedure-amendment-bill-2006,2006-08-23T00:00:00,2025-11-13T08:26:20.112276,2025-11-20T00:54:37.168192,True,False,1958,0,0,True,0,
847,the-aircraft-amendment-bill-2006,"The Aircraft (Amendment) Bill, 2006",Unknown,Passed,https://prsindia.org/billtrack/the-aircraft-amendment-bill-2006,2006-08-07T00:00:00,2025-11-13T08:26:20.112692,2025-11-20T00:54:38.256121,True,False,3741,0,0,True,0,
848,the-constitution-scheduled-castes-order-amendment-bill-2006,"The Constitution (Scheduled Castes) Order Amendment Bill, 2006",Unknown,Passed,https://prsindia.org/billtrack/the-constitution-scheduled-castes-order-amendment-bill-2006,2006-07-31T00:00:00,2025-11-13T08:26:20.113116,2025-11-20T00:54:39.354286,True,False,2219,0,0,True,0,
849,the-sashastra-seema-bal-bill-2006,"The Sashastra Seema Bal Bill, 2006",Unknown,Passed,https://prsindia.org/billtrack/the-sashastra-seema-bal-bill-2006,2006-07-28T00:00:00,2025-11-13T08:26:20.113556,2025-11-20T00:54:40.444476,True,False,1713,0,0,True,0,
850,the-dalmia-dadri-cement-limited-acquisition-and-transfer-of-undertakings-amendment-bill-2006,"The Dalmia Dadri Cement Limited (Acquisition and Transfer of Undertakings) Amendment Bill, 2006",Unknown,Passed,https://prsindia.org/billtrack/the-dalmia-dadri-cement-limited-acquisition-and-transfer-of-undertakings-amendment-bill-2006,2006-07-28T00:00:00,2025-11-13T08:26:20.113978,2025-11-20T00:54:41.538060,True,False,1157,0,0,True,0,
851,the-payment-and-settlement-systems-bill-2006,"The Payment and Settlement Systems Bill, 2006",Unknown,Passed,https://prsindia.org/billtrack/the-payment-and-settlement-systems-bill-2006,2006-07-25T00:00:00,2025-11-13T08:26:20.114395,2025-11-20T00:54:42.642200,True,False,4768,0,0,True,0,
852,the-national-institute-of-technology-bill-2006,"The National Institute of Technology Bill, 2006",Unknown,Passed,https://prsindia.org/billtrack/the-national-institute-of-technology-bill-2006,2006-05-22T00:00:00,2025-11-13T08:26:20.114807,2025-11-20T00:54:43.730773,True,False,979,0,0,True,0,
853,the-national-jute-board-bill-2006,"The National Jute Board Bill, 2006",Unknown,Passed,https://prsindia.org/billtrack/the-national-jute-board-bill-2006,2006-05-22T00:00:00,2025-11-13T08:26:20.115233,2025-11-20T00:54:44.817071,True,False,2559,0,0,True,0,
854,the-constitution-one-hundred-and-sixth-amendment-bill-2006,"The Constitution (One Hundred and Sixth Amendment) Bill, 2006",Unknown,Lapsed,https://prsindia.org/billtrack/the-constitution-one-hundred-and-sixth-amendment-bill-2006,2006-05-22T00:00:00,2025-11-13T08:26:20.115645,2025-11-20T00:54:45.898737,True,False,1580,0,0,True,0,
855,the-immoral-traffic-prevention-amendment-bill-2006,"The Immoral Traffic (Prevention) Amendment Bill, 2006",Unknown,Lapsed,https://prsindia.org/billtrack/the-immoral-traffic-prevention-amendment-bill-2006,2006-05-22T00:00:00,2025-11-13T08:26:20.116051,2025-11-20T00:54:47.005242,True,False,1739,0,0,True,0,
856,the-state-bank-of-india-subsidiary-bank-laws-amendment-bill-2006,"The State Bank of India (Subsidiary Bank Laws) Amendment Bill, 2006",Unknown,Passed,https://prsindia.org/billtrack/the-state-bank-of-india-subsidiary-bank-laws-amendment-bill-2006,2006-05-22T00:00:00,2025-11-13T08:26:20.116468,2025-11-20T00:54:48.092420,True,False,1101,0,0,True,0,
857,the-indian-telegraph-amendment-bill-2006,"The Indian Telegraph (Amendment) Bill, 2006",Unknown,Passed,https://prsindia.org/billtrack/the-indian-telegraph-amendment-bill-2006,2006-05-19T00:00:00,2025-11-13T08:26:20.116878,2025-11-20T00:54:49.186931,True,False,1055,0,0,True,0,
858,the-apprentices-amendment-bill-2007,"The Apprentices (Amendment) Bill, 2007",Unknown,Passed,https://prsindia.org/billtrack/the-apprentices-amendment-bill-2007,2006-05-19T00:00:00,2025-11-13T08:26:20.117318,2025-11-20T00:54:50.272613,True,False,1590,0,0,True,0,
859,draft-indian-post-office-amendment-bill-2006,"Draft Indian Post Office (Amendment) Bill, 2006",Information and Broadcasting,Draft,https://prsindia.org/billtrack/draft-indian-post-office-amendment-bill-2006,,2025-11-13T08:26:20.117735,2025-11-20T00:54:51.356269,True,False,972,0,0,True,0,
860,the-forward-contracts-regulation-amendment-bill-2006,"The Forward Contracts (Regulation) Amendment Bill, 2006",Unknown,Withdrawn,https://prsindia.org/billtrack/the-forward-contracts-regulation-amendment-bill-2006,2006-03-21T00:00:00,2025-11-13T08:26:20.118140,2025-11-20T00:54:52.443248,True,False,2638,0,0,True,0,
861,the-central-institute-of-english-and-foreign-language-university-bill-2006,"The Central Institute of English and Foreign Language University Bill, 2006",Unknown,Passed,https://prsindia.org/billtrack/the-central-institute-of-english-and-foreign-language-university-bill-2006,2006-03-20T00:00:00,2025-11-13T08:26:20.118556,2025-11-20T00:54:53.550092,True,False,1127,0,0,True,0,
862,the-administrative-tribunals-amendment-bill-2006,"The Administrative Tribunals (Amendment) Bill, 2006",Law and Justice,Withdrawn,https://prsindia.org/billtrack/the-administrative-tribunals-amendment-bill-2006,2006-03-18T00:00:00,2025-11-13T08:26:20.118962,2025-11-20T00:54:54.657754,True,False,2631,0,0,True,0,
863,the-drugs-control-repeal-bill-2006,"The Drugs (Control) Repeal Bill, 2006",Unknown,Lapsed,https://prsindia.org/billtrack/the-drugs-control-repeal-bill-2006,2006-03-10T00:00:00,2025-11-13T08:26:20.119429,2025-11-20T00:54:55.743248,True,False,571,0,0,True,0,
864,the-competition-amendment-bill-2006,"The Competition Amendment Bill, 2006",Unknown,Passed,https://prsindia.org/billtrack/the-competition-amendment-bill-2006,2006-03-09T00:00:00,2025-11-13T08:26:20.120007,2025-11-20T00:54:56.830950,True,False,1249,0,0,True,0,
865,the-representation-of-the-people-amendment-bill-2006,"The Representation of the People (Amendment) Bill, 2006",Unknown,Withdrawn,https://prsindia.org/billtrack/the-representation-of-the-people-amendment-bill-2006,2006-02-27T00:00:00,2025-11-13T08:26:20.120855,2025-11-20T00:54:57.925744,True,False,1652,0,0,True,0,
866,the-electricity-amendment-bill-2005,"The Electricity (Amendment) Bill, 2005",Unknown,Passed,https://prsindia.org/billtrack/the-electricity-amendment-bill-2005,2005-12-23T00:00:00,2025-11-13T08:26:20.121468,2025-11-20T00:54:59.024162,True,False,2512,0,0,True,0,
867,the-petroleum-and-natural-gas-regulatory-board-bill-2005,"The Petroleum and Natural Gas Regulatory Board Bill, 2005",Unknown,Passed,https://prsindia.org/billtrack/the-petroleum-and-natural-gas-regulatory-board-bill-2005,2005-12-21T00:00:00,2025-11-13T08:26:20.122077,2025-11-20T00:55:00.111403,True,False,1667,0,0,True,0,
868,the-prevention-and-control-of-infectious-contagious-diseases-in-animals-amendment-bill-2005,"The Prevention and Control of Infectious & Contagious Diseases in Animals (Amendment) Bill, 2005",Unknown,Passed,https://prsindia.org/billtrack/the-prevention-and-control-of-infectious-contagious-diseases-in-animals-amendment-bill-2005,2005-12-21T00:00:00,2025-11-13T08:26:20.122539,2025-11-20T00:55:01.201266,True,False,4216,0,0,True,0,
869,the-armed-forces-tribunal-bill-2005,"The Armed Forces Tribunal Bill, 2005",Unknown,Passed,https://prsindia.org/billtrack/the-armed-forces-tribunal-bill-2005,2005-12-20T00:00:00,2025-11-13T08:26:20.122974,2025-11-20T00:55:02.290029,True,False,3499,0,0,True,0,
870,the-scheduled-tribes-and-other-traditional-forest-dwellers-recognition-of-forest-rights-bill-2005,"The Scheduled Tribes and Other Traditional Forest Dwellers (Recognition of Forest Rights) Bill, 2005",Unknown,Passed,https://prsindia.org/billtrack/the-scheduled-tribes-and-other-traditional-forest-dwellers-recognition-of-forest-rights-bill-2005,2005-12-13T00:00:00,2025-11-13T08:26:20.123417,2025-11-20T00:55:03.382051,True,False,2009,0,0,True,0,
871,the-inland-vessels-amendment-bill-2005,"The Inland Vessels (Amendment) Bill, 2005",Unknown,Passed,https://prsindia.org/billtrack/the-inland-vessels-amendment-bill-2005,2005-12-08T00:00:00,2025-11-13T08:26:20.123834,2025-11-20T00:55:04.493630,True,False,4249,0,0,True,0,
872,the-carriage-by-road-bill-2005,"The Carriage by Road Bill, 2005",Unknown,Passed,https://prsindia.org/billtrack/the-carriage-by-road-bill-2005,2005-12-07T00:00:00,2025-11-13T08:26:20.124263,2025-11-20T00:55:05.595687,True,False,2038,0,0,True,0,
873,the-warehousing-development-and-regulation-bill-2005,"The Warehousing (Development and Regulation) Bill, 2005",Unknown,Passed,https://prsindia.org/billtrack/the-warehousing-development-and-regulation-bill-2005,2005-12-07T00:00:00,2025-11-13T08:26:20.124670,2025-11-20T00:55:06.694617,True,False,1707,0,0,True,0,
874,the-communal-violence-prevention-control-and-rehabilitation-of-victims-bill-2005,"The Communal Violence (Prevention, Control and Rehabilitation of Victims) Bill, 2005",Home Affairs,Withdrawn,https://prsindia.org/billtrack/the-communal-violence-prevention-control-and-rehabilitation-of-victims-bill-2005,2005-12-05T00:00:00,2025-11-13T08:26:20.125109,2025-11-20T00:55:07.781476,True,False,2502,0,0,True,0,
875,the-right-to-education-bill-2005,"The Right to Education Bill, 2005",Human Resource Development,Draft,https://prsindia.org/billtrack/the-right-to-education-bill-2005,,2025-11-13T08:26:20.125523,2025-11-20T00:55:08.869414,True,False,1882,0,0,False,0,
876,the-food-safety-and-standards-bill-2005,"The Food Safety and Standards Bill, 2005",Unknown,Passed,https://prsindia.org/billtrack/the-food-safety-and-standards-bill-2005,2005-08-25T00:00:00,2025-11-13T08:26:20.125942,2025-11-20T00:55:09.954093,True,False,2028,0,0,True,0,
877,the-indian-medical-council-amendment-bill-2005,"The Indian Medical Council (Amendment) Bill, 2005",Unknown,Withdrawn,https://prsindia.org/billtrack/the-indian-medical-council-amendment-bill-2005,2005-08-23T00:00:00,2025-11-13T08:26:20.126350,2025-11-20T00:55:11.042458,True,False,2486,0,0,True,0,
878,the-labour-laws-exemption-from-furnishing-returns-and-maintaining-registers-by-certain-establishments-amendment-and-miscellaneous-provisions-bill-2005,"The Labour Laws (Exemption from Furnishing Returns and Maintaining Registers by Certain Establishments) Amendment and Miscellaneous Provisions Bill, 2005",Unknown,Withdrawn,https://prsindia.org/billtrack/the-labour-laws-exemption-from-furnishing-returns-and-maintaining-registers-by-certain-establishments-amendment-and-miscellaneous-provisions-bill-2005,2005-08-22T00:00:00,2025-11-13T08:26:20.126763,2025-11-20T00:55:12.136711,True,False,2197,0,0,True,0,
879,the-factories-amendment-bill-2005,"The Factories (Amendment) Bill, 2005",Unknown,Lapsed,https://prsindia.org/billtrack/the-factories-amendment-bill-2005,2005-08-16T00:00:00,2025-11-13T08:26:20.127199,2025-11-20T00:55:13.219770,True,False,609,0,0,True,0,
880,the-indian-medicine-and-homoeopathy-pharmacy-bill-2005,"The Indian Medicine and Homoeopathy Pharmacy Bill, 2005",Health and Family Welfare,Pending,https://prsindia.org/billtrack/the-indian-medicine-and-homoeopathy-pharmacy-bill-2005,2005-08-12T00:00:00,2025-11-13T08:26:20.127608,2025-11-20T00:55:14.308370,True,False,1138,0,0,True,0,
881,the-banking-regulation-amendment-bill-2005,"The Banking Regulation (Amendment) Bill, 2005",Unknown,Lapsed,https://prsindia.org/billtrack/the-banking-regulation-amendment-bill-2005,2005-05-13T00:00:00,2025-11-13T08:26:20.128011,2025-11-20T00:55:15.417365,True,False,3123,0,0,True,0,
882,the-small-and-medium-enterprises-development-bill-2005,"The Small and Medium Enterprises Development Bill, 2005",Unknown,Passed,https://prsindia.org/billtrack/the-small-and-medium-enterprises-development-bill-2005,2005-05-12T00:00:00,2025-11-13T08:26:20.128426,2025-11-20T00:55:16.515317,True,False,4064,0,0,True,0,
883,the-admiralty-bill-2005,"The Admiralty Bill, 2005",Unknown,Lapsed,https://prsindia.org/billtrack/the-admiralty-bill-2005,2005-05-11T00:00:00,2025-11-13T08:26:20.128839,2025-11-20T00:55:17.600582,True,False,3669,0,0,True,0,
884,the-drugs-and-cosmetics-amendment-bill-2005,"The Drugs and Cosmetics (Amendment) Bill, 2005",Unknown,Passed,https://prsindia.org/billtrack/the-drugs-and-cosmetics-amendment-bill-2005,2005-05-10T00:00:00,2025-11-13T08:26:20.129263,2025-11-20T00:55:18.687225,True,False,2098,0,0,True,0,
885,the-indian-medicine-central-council-amendment-bill-2005,"The Indian Medicine Central Council (Amendment) Bill, 2005",Health and Family Welfare,Withdrawn,https://prsindia.org/billtrack/the-indian-medicine-central-council-amendment-bill-2005,2005-03-23T00:00:00,2025-11-13T08:26:20.129687,2025-11-20T00:55:19.781888,True,False,3255,0,0,True,0,
886,the-homoeopathy-central-council-amendment-bill-2005,"The Homoeopathy Central Council (Amendment) Bill, 2005",Health and Family Welfare,Withdrawn,https://prsindia.org/billtrack/the-homoeopathy-central-council-amendment-bill-2005,2005-03-23T00:00:00,2025-11-13T08:26:20.130096,2025-11-20T00:55:20.873383,True,False,1226,0,0,True,0,
887,the-pension-fund-regulatory-and-development-authority-bill-2005,"The Pension Fund Regulatory and Development Authority Bill, 2005",Unknown,Lapsed,https://prsindia.org/billtrack/the-pension-fund-regulatory-and-development-authority-bill-2005,2005-03-21T00:00:00,2025-11-13T08:26:20.130510,2025-11-20T00:55:21.958213,True,False,1992,0,0,True,0,
888,the-standards-of-weights-and-measures-enforcement-amendment-bill-2005,"The Standards of Weights and Measures (Enforcement) Amendment Bill, 2005",Unknown,Withdrawn,https://prsindia.org/billtrack/the-standards-of-weights-and-measures-enforcement-amendment-bill-2005,2005-03-10T00:00:00,2025-11-13T08:26:20.130924,2025-11-20T00:55:23.048904,True,False,4054,0,0,True,0,
889,the-national-commission-for-minorities-repeal-bill-2004,"The National Commission for Minorities (Repeal) Bill, 2004",Unknown,Lapsed,https://prsindia.org/billtrack/the-national-commission-for-minorities-repeal-bill-2004,2004-12-23T00:00:00,2025-11-13T08:26:20.131369,2025-11-20T00:55:24.144620,True,False,3168,0,0,True,0,
890,the-constitution-103rd-amendment-bill-2004,"The Constitution (103rd Amendment) Bill, 2004",Unknown,Lapsed,https://prsindia.org/billtrack/the-constitution-103rd-amendment-bill-2004,2004-12-23T00:00:00,2025-11-13T08:26:20.131785,2025-11-20T00:55:25.229614,True,False,3168,0,0,True,0,
891,the-merchant-shipping-amendment-bill-2004,"The Merchant Shipping (Amendment) Bill, 2004",Unknown,Passed,https://prsindia.org/billtrack/the-merchant-shipping-amendment-bill-2004,2004-12-23T00:00:00,2025-11-13T08:26:20.132191,2025-11-20T00:55:26.330259,True,False,2764,0,0,True,0,
892,the-scheduled-castes-scheduled-tribes-and-other-backward-classes-reservation-in-posts-and-services-bill-2004,"The Scheduled Castes, Scheduled Tribes and Other Backward Classes (Reservation in Posts and Services) Bill, 2004",Unknown,Withdrawn,https://prsindia.org/billtrack/the-scheduled-castes-scheduled-tribes-and-other-backward-classes-reservation-in-posts-and-services-bill-2004,2004-12-22T00:00:00,2025-11-13T08:26:20.132608,2025-11-20T00:55:27.488432,True,False,4664,0,0,True,0,
893,the-seeds-bill-2004,"The Seeds Bill, 2004",Agriculture,Pending,https://prsindia.org/billtrack/the-seeds-bill-2004,2004-12-09T00:00:00,2025-11-13T08:26:20.133033,2025-11-20T00:55:28.578490,True,False,2404,0,0,True,0,
894,the-provisions-of-the-municipalities-extension-to-the-scheduled-areas-bill-2001,"The Provisions of the Municipalities (Extension to the Scheduled Areas) Bill, 2001",Urban Development,Pending,https://prsindia.org/billtrack/the-provisions-of-the-municipalities-extension-to-the-scheduled-areas-bill-2001,2001-07-30T00:00:00,2025-11-13T08:26:20.133471,2025-11-20T00:55:29.666337,True,False,1127,0,0,True,0,
895,the-foreign-trade-development-and-regulation-amendment-bill-2001,"The Foreign Trade (Development and Regulation) Amendment Bill, 2001",Unknown,Withdrawn,https://prsindia.org/billtrack/the-foreign-trade-development-and-regulation-amendment-bill-2001,2001-04-24T00:00:00,2025-11-13T08:26:20.133884,2025-11-20T00:55:30.754532,True,False,1125,0,0,True,0,
896,the-coal-mines-nationalisation-amendment-bill-2000,"The Coal Mines (Nationalisation) Amendment Bill, 2000",Mines,Withdrawn,https://prsindia.org/billtrack/the-coal-mines-nationalisation-amendment-bill-2000,2000-04-24T00:00:00,2025-11-13T08:26:20.134291,2025-11-20T00:55:31.843781,True,False,1066,0,0,True,0,
897,the-constitution-eighty-fifth-amendment-bill-1999,"The Constitution (Eighty-Fifth Amendment) Bill, 1999",Law and Justice,Lapsed,https://prsindia.org/billtrack/the-constitution-eighty-fifth-amendment-bill-1999,1999-12-23T00:00:00,2025-11-13T08:26:20.134712,2025-11-20T00:55:32.930333,True,False,948,0,0,True,0,
898,the-lotteries-prohibition-bill-1999,"The Lotteries (Prohibition) Bill, 1999",Unknown,Withdrawn,https://prsindia.org/billtrack/the-lotteries-prohibition-bill-1999,1999-12-23T00:00:00,2025-11-13T08:26:20.135135,2025-11-20T00:55:34.017346,True,False,1048,0,0,True,0,
899,the-constitution-eighty-fourth-amendment-bill-1998,"The Constitution (Eighty-Fourth Amendment) Bill, 1998",Law and Justice,Lapsed,https://prsindia.org/billtrack/the-constitution-eighty-fourth-amendment-bill-1998,1998-12-14T00:00:00,2025-11-13T08:26:20.135641,2025-11-20T00:55:35.107690,True,False,950,0,0,True,0,
900,the-delhi-rent-amendment-bill-1997,"The Delhi Rent (Amendment) Bill, 1997",Urban Development,Pending,https://prsindia.org/billtrack/the-delhi-rent-amendment-bill-1997,1997-07-28T00:00:00,2025-11-13T08:26:20.136106,2025-11-20T00:55:36.213853,True,False,1037,0,0,True,0,
901,the-constitution-eighty-first-amendment-bill-1996,"The Constitution (Eighty-First Amendment) Bill, 1996",Law and Justice,Lapsed,https://prsindia.org/billtrack/the-constitution-eighty-first-amendment-bill-1996,1996-09-12T00:00:00,2025-11-13T08:26:20.136694,2025-11-20T00:55:37.399829,True,False,980,0,0,True,0,
902,the-indian-boilers-amendment-bill-1994,"The Indian Boilers (Amendment) Bill, 1994",Finance,Passed,https://prsindia.org/billtrack/the-indian-boilers-amendment-bill-1994,1994-05-13T00:00:00,2025-11-13T08:26:20.137531,2025-11-20T00:55:38.501823,True,False,1017,0,0,True,0,
903,the-constitution-seventy-ninth-amendment-bill-1992,"The Constitution (Seventy-Ninth Amendment) Bill, 1992",Health and Family Welfare,Pending,https://prsindia.org/billtrack/the-constitution-seventy-ninth-amendment-bill-1992,1992-12-22T00:00:00,2025-11-13T08:26:20.138136,2025-11-20T00:55:39.592834,True,False,1001,0,0,True,0,
904,draft-rules-under-occupational-safety-health-and-working-conditions-code-2020,"Draft Rules under Occupational Safety, Health and Working Conditions Code, 2020",Labour and Employment,Draft,https://prsindia.org/billtrack/draft-rules-under-occupational-safety-health-and-working-conditions-code-2020,,2025-11-13T08:26:20.138682,2025-11-20T00:55:40.688142,True,False,17753,0,0,True,0,
905,draft-model-act-and-rules-on-conclusive-land-titling,Draft Model Act and Rules on Conclusive Land Titling,Unknown,Draft,https://prsindia.org/billtrack/draft-model-act-and-rules-on-conclusive-land-titling,,2025-11-13T08:26:20.139139,2025-11-13T08:26:20.139141,True,False,885,0,0,True,0,
906,draft-aids-to-navigation-bill-2020,"Draft Aids to Navigation Bill, 2020",Shipping,Draft,https://prsindia.org/billtrack/draft-aids-to-navigation-bill-2020,,2025-11-13T08:26:20.139563,2025-11-20T00:55:42.854995,True,False,880,0,0,True,0,
907,draft-rules-under-consumer-protection-act-2019,"Draft Rules under Consumer Protection Act, 2019",Unknown,Draft,https://prsindia.org/billtrack/draft-rules-under-consumer-protection-act-2019,,2025-11-13T08:26:20.139974,2025-11-13T08:26:20.139976,True,False,29766,0,0,True,0,
908,draft-inland-vessels-bill-2020,"Draft Inland Vessels Bill, 2020",Water Resources,Draft,https://prsindia.org/billtrack/draft-inland-vessels-bill-2020,,2025-11-13T08:26:20.140392,2025-11-20T00:55:45.074432,True,False,877,0,0,True,0,
909,draft-transgender-persons-protection-of-rights-rules-2020,"Draft Transgender Persons (Protection of Rights) Rules, 2020",Social Justice and Welfare,Draft,https://prsindia.org/billtrack/draft-transgender-persons-protection-of-rights-rules-2020,,2025-11-13T08:26:20.140811,2025-11-20T00:55:46.175292,True,False,16559,0,0,True,0,
910,draft-electricity-amendment-bill-2020,"Draft Electricity (Amendment) Bill, 2020",Power,Draft,https://prsindia.org/billtrack/draft-electricity-amendment-bill-2020,,2025-11-13T08:26:20.141251,2025-11-20T00:55:47.304725,True,False,23701,0,0,True,0,
911,draft-rules-under-code-on-wages-2019,"Draft Rules under Code on Wages, 2019",Labour and Employment,Draft,https://prsindia.org/billtrack/draft-rules-under-code-on-wages-2019,,2025-11-13T08:26:20.141672,2025-11-20T00:55:48.414460,True,False,17080,0,0,True,0,
912,draft-registration-of-press-and-periodicals-bill-2019,"Draft Registration of Press and Periodicals Bill, 2019",Information and Broadcasting,Draft,https://prsindia.org/billtrack/draft-registration-of-press-and-periodicals-bill-2019,,2025-11-13T08:26:20.142083,2025-11-20T00:55:49.514724,True,False,955,0,0,True,0,
913,draft-seeds-bill-2019,"Draft Seeds Bill, 2019",Agriculture,Draft,https://prsindia.org/billtrack/draft-seeds-bill-2019,,2025-11-13T08:26:20.142495,2025-11-20T00:55:50.603374,True,False,877,0,0,True,0,
914,draft-the-healthcare-service-personnel-and-clinical-establishments-prohibition-of-violence-and-damage-to-property-bill-2019,"Draft The Healthcare Service Personnel and Clinical Establishments (Prohibition of violence and damage to property) Bill, 2019",Health and Family Welfare,Draft,https://prsindia.org/billtrack/draft-the-healthcare-service-personnel-and-clinical-establishments-prohibition-of-violence-and-damage-to-property-bill-2019,,2025-11-13T08:26:20.142916,2025-11-20T00:55:51.695724,True,False,1102,0,0,True,0,
915,draft-employees-provident-funds-and-miscellaneous-provisions-amendment-bill-2019,"Draft Employees' Provident Funds and Miscellaneous Provisions (Amendment) Bill, 2019",Labour and Employment,Draft,https://prsindia.org/billtrack/draft-employees-provident-funds-and-miscellaneous-provisions-amendment-bill-2019,,2025-11-13T08:26:20.143356,2025-11-20T00:55:52.787625,True,False,1006,0,0,True,0,
916,draft-banning-of-cryptocurrency-regulation-of-official-digital-currency-bill-2019,"Draft Banning of Cryptocurrency & Regulation of Official Digital Currency Bill, 2019",Finance,Draft,https://prsindia.org/billtrack/draft-banning-of-cryptocurrency-regulation-of-official-digital-currency-bill-2019,,2025-11-13T08:26:20.143786,2025-11-20T00:55:53.887019,True,False,18031,0,0,True,0,
917,draft-information-technology-intermediaries-guidelines-amendment-rules-2018,Draft Information Technology [Intermediaries Guidelines (Amendment) Rules] 2018,Unknown,Draft,https://prsindia.org/billtrack/draft-information-technology-intermediaries-guidelines-amendment-rules-2018,,2025-11-13T08:26:20.144205,2025-11-13T08:26:20.144207,True,False,8054,0,0,True,0,
918,draft-amendments-to-the-companies-act-2013,"Draft Amendments to the Companies Act, 2013",Corporate Affairs,Draft,https://prsindia.org/billtrack/draft-amendments-to-the-companies-act-2013,,2025-11-13T08:26:20.144635,2025-11-20T00:55:56.064071,True,False,8837,0,0,True,0,
919,draft-electricity-bill-2018,"Draft Electricity Bill, 2018",Power,Draft,https://prsindia.org/billtrack/draft-electricity-bill-2018,,2025-11-13T08:26:20.145047,2025-11-20T00:55:57.193172,True,False,26447,0,0,True,0,
920,draft-personal-data-protection-bill-2018,"Draft Personal Data Protection Bill, 2018",Electronics and Information Technology,Draft,https://prsindia.org/billtrack/draft-personal-data-protection-bill-2018,,2025-11-13T08:26:20.145585,2025-11-20T00:55:58.333507,True,False,30729,0,0,True,0,
921,the-draft-higher-education-commission-of-india-repeal-of-university-grants-commission-act-1956-bill-2018,"The Draft Higher Education Commission of India (Repeal of University Grants Commission Act, 1956) Bill, 2018",Human Resource Development,Draft,https://prsindia.org/billtrack/the-draft-higher-education-commission-of-india-repeal-of-university-grants-commission-act-1956-bill-2018,,2025-11-13T08:26:20.146155,2025-11-20T00:55:59.480104,True,False,23666,0,0,True,0,
922,draft-labour-code-on-occupational-safety-health-and-working-conditions-2018,"Draft Labour Code on Occupational Safety, Health and Working Conditions, 2018",Labour and Employment,Draft,https://prsindia.org/billtrack/draft-labour-code-on-occupational-safety-health-and-working-conditions-2018,,2025-11-13T08:26:20.146684,2025-11-20T00:56:00.577844,True,False,973,0,0,True,0,
923,draft-labour-code-on-social-security-2018,"Draft Labour Code on Social Security, 2018",Labour and Employment,Draft,https://prsindia.org/billtrack/draft-labour-code-on-social-security-2018,,2025-11-13T08:26:20.147207,2025-11-20T00:56:01.676638,True,False,903,0,0,True,0,
924,draft-space-activities-bill-2017,"Draft Space Activities Bill, 2017",Space,Draft,https://prsindia.org/billtrack/draft-space-activities-bill-2017,,2025-11-13T08:26:20.147640,2025-11-20T00:56:02.771400,True,False,877,0,0,True,0,
925,the-contract-labour-regulation-and-abolition-amendment-bill-2017,"The Contract Labour (Regulation and Abolition) Amendment Bill, 2017",Labour and Employment,Draft,https://prsindia.org/billtrack/the-contract-labour-regulation-and-abolition-amendment-bill-2017,,2025-11-13T08:26:20.148061,2025-11-20T00:56:03.856853,True,False,959,0,0,True,0,
926,draft-labour-code-on-social-security-welfare-2017,"Draft Labour Code on Social Security & Welfare, 2017",Human Resource Development,Draft,https://prsindia.org/billtrack/draft-labour-code-on-social-security-welfare-2017,,2025-11-13T08:26:20.148473,2025-11-20T00:56:04.941253,True,False,904,0,0,False,0,
927,draft-pesticide-management-bill-2017,"Draft Pesticide Management Bill, 2017",Agriculture and Farmers Welfare,Draft,https://prsindia.org/billtrack/draft-pesticide-management-bill-2017,,2025-11-13T08:26:20.148890,2025-11-20T00:56:06.028904,True,False,937,0,0,True,0,
928,draft-igst-law-2016,Draft IGST Law 2016,Finance,Draft,https://prsindia.org/billtrack/draft-igst-law-2016,,2025-11-13T08:26:20.149328,2025-11-20T00:56:07.114246,True,False,2692,0,0,True,0,
929,revised-draft-model-gst-law-2016,Revised Draft Model GST Law 2016,Finance,Draft,https://prsindia.org/billtrack/revised-draft-model-gst-law-2016,,2025-11-13T08:26:20.149751,2025-11-20T00:56:08.205594,True,False,3757,0,0,True,0,
930,draft-gst-compensation-to-the-states-for-loss-of-revenue-bill-2016,"Draft GST (Compensation to the States for Loss of Revenue) Bill, 2016",Unknown,Draft,https://prsindia.org/billtrack/draft-gst-compensation-to-the-states-for-loss-of-revenue-bill-2016,,2025-11-13T08:26:20.150162,2025-11-13T08:26:20.150164,True,False,2182,0,0,True,0,
931,draft-banning-of-unregulated-deposit-schemes-and-protection-of-depositors-interests-bill-2016,"Draft Banning of Unregulated Deposit Schemes and Protection of Depositors’ Interests Bill, 2016",Finance,Draft,https://prsindia.org/billtrack/draft-banning-of-unregulated-deposit-schemes-and-protection-of-depositors-interests-bill-2016,,2025-11-13T08:26:20.150635,2025-11-20T00:56:10.389004,True,False,971,0,0,False,0,
932,the-draft-direct-taxes-code-bill-2009,"The Draft Direct Taxes Code Bill, 2009",Unknown,Draft,https://prsindia.org/billtrack/the-draft-direct-taxes-code-bill-2009,,2025-11-13T08:26:20.151089,2025-11-13T08:26:20.151091,True,False,2774,0,0,True,0,
933,the-central-universities-bill-2009,"The Central Universities Bill, 2009",Unknown,Passed,https://prsindia.org/billtrack/the-central-universities-bill-2009,,2025-11-13T08:26:20.151535,2025-11-13T08:26:20.151537,True,False,865,0,0,True,0,
934,the-lok-pal-bill-2011,"The Lok Pal Bill, 2011",Unknown,Draft,https://prsindia.org/billtrack/the-lok-pal-bill-2011,,2025-11-13T08:26:20.151955,2025-11-13T08:26:20.151957,True,False,778,0,0,False,0,
935,earlier-lok-pal-bills,Earlier Lok Pal Bills,Unknown,,https://prsindia.org/billtrack/earlier-lok-pal-bills,,2025-11-13T08:26:20.152366,2025-11-13T08:26:20.152367,True,False,298,0,0,True,0,
936,the-land-acquisition-and-resettlement-and-rehabilitation-bill-2011,"The Land Acquisition and Resettlement and Rehabilitation Bill, 2011",Rural Development,Draft,https://prsindia.org/billtrack/the-land-acquisition-and-resettlement-and-rehabilitation-bill-2011,,2025-11-13T08:26:20.152821,2025-11-20T00:56:15.806143,True,False,513,0,0,True,0,
937,the-jan-lok-pal-bill-2011,"The Jan Lok Pal Bill, 2011",Unknown,Draft,https://prsindia.org/billtrack/the-jan-lok-pal-bill-2011,,2025-11-13T08:26:20.153546,2025-11-13T08:26:20.153550,True,False,843,0,0,True,0,
938,the-metro-railways-amendment-bill-2009,"The Metro Railways (Amendment) Bill, 2009",Urban Development,Passed,https://prsindia.org/billtrack/the-metro-railways-amendment-bill-2009,,2025-11-13T08:26:20.154149,2025-11-20T00:56:17.981022,True,False,925,0,0,True,0,
